player_id,total_logins,avg_bet_size,payment_failure_rate,days_since_last_bet,churned
5000,77,427.37452598492837,0.01,6,0
5001,146,494.0078955495694,0.03,7,0
5002,29,6.748350477167828,0.04,18,1
5003,145,203.71251449160943,0.31,28,1
5004,104,378.7440640524976,0.03,6,0
5005,14,44.81710273115929,0.0,0,0
5006,81,294.02359104782045,0.02,2,0
5007,123,394.04636049306936,0.05,4,0
5008,97,161.01863820626002,0.01,5,0
5009,107,176.45037708086605,0.02,5,0
5010,78,28.462330210789244,0.0,4,0
5011,77,13.43034847902698,0.04,2,0
5012,102,352.5988170249799,0.05,4,0
5013,12,26.192379692112034,0.05,12,1
5014,3,42.18481212978231,0.32,20,1
5015,56,123.55000784173494,0.02,4,0
5016,83,227.87236121172614,0.03,4,0
5017,103,66.34670087701585,0.05,5,0
5018,41,39.96726538884674,0.01,17,1
5019,56,289.1502353265151,0.01,4,0
5020,42,23.17215009114551,0.13,27,1
5021,44,97.9785062095261,0.02,7,0
5022,50,112.2717567895534,0.02,6,0
5023,138,482.12073620590184,0.12,0,0
5024,48,46.39880427088494,0.03,19,1
5025,116,11.211844768090572,0.15,7,0
5026,137,55.053652771297294,0.03,6,0
5027,125,226.9777492382742,0.01,5,0
5028,99,20.72259866416616,0.17,1,0
5029,63,462.35292787072086,0.01,1,0
5030,123,468.20662735015685,0.04,3,0
5031,107,57.12507844365094,0.03,2,0
5032,44,23.345569545074806,0.03,1,0
5033,96,51.8923543009318,0.05,0,0
5034,92,415.963637494899,0.02,7,0
5035,144,180.43911651809668,0.01,6,0
5036,49,38.53440003718506,0.03,4,0
5037,103,43.65663777462884,0.01,0,0
5038,81,486.0727104549738,0.02,4,0
5039,48,34.70166719203351,0.01,3,0
5040,62,8.917525219104036,0.01,2,0
5041,135,498.72511009046394,0.05,4,0
5042,107,141.08741552173478,0.01,1,0
5043,45,375.6152695382943,0.05,1,0
5044,67,409.95401682047554,0.04,1,0
5045,17,44.13874172400727,0.05,24,1
5046,127,192.6679777243852,0.04,4,0
5047,90,7.881623941877978,0.12,2,0
5048,78,335.6305996345627,0.33,28,1
5049,30,42.19365956394844,0.03,14,1
5050,1,13.814357908138074,0.19,28,1
5051,47,32.25727436881121,0.32,14,1
5052,67,414.18243541179913,0.03,2,0
5053,97,28.871199542309345,0.02,2,0
5054,13,34.51072732660461,0.0,1,0
5055,116,152.622609159047,0.07,1,0
5056,35,24.868335324127603,0.05,28,1
5057,133,477.86564726663113,0.14,4,0
5058,100,16.905155144940863,0.04,0,0
5059,121,178.0302443763299,0.01,0,0
5060,35,35.45988509289637,0.02,22,1
5061,138,19.86269719047815,0.04,1,0
5062,91,69.57267052792011,0.04,4,0
5063,136,15.675953312324362,0.0,1,0
5064,43,61.72404819433964,0.05,3,0
5065,69,11.655536830277484,0.0,4,0
5066,81,23.644755255226737,0.04,7,0
5067,46,30.791607611390074,0.35,30,1
5068,105,457.4144791260246,0.03,7,0
5069,56,454.39162983857426,0.32,25,1
5070,140,224.7286675430139,0.04,2,0
5071,61,462.8468581248541,0.02,2,0
5072,143,164.1873309057012,0.13,0,0
5073,87,39.4232597631347,0.01,1,0
5074,63,20.686326745677455,0.03,0,0
5075,40,12.859996356518282,0.05,5,0
5076,98,41.87307462723562,0.0,2,0
5077,91,244.89059023108643,0.04,1,0
5078,129,217.0482813362381,0.12,5,0
5079,104,396.72162096224736,0.02,0,0
5080,87,337.2910218876389,0.18,3,0
5081,17,49.10920531767406,0.01,3,0
5082,93,30.545130882568753,0.01,7,0
5083,88,148.54143988888177,0.0,0,0
5084,132,275.3912275357237,0.0,5,0
5085,13,23.74322436439809,0.04,24,1
5086,54,282.0155850534618,0.01,0,0
5087,69,249.5543909754734,0.04,3,0
5088,42,40.16931651887016,0.01,3,0
5089,33,11.049110040750762,0.09,3,0
5090,144,33.60719603112396,0.12,2,0
5091,46,49.915361153051954,0.04,13,1
5092,24,47.28820371908047,0.03,27,1
5093,31,5.429270787761651,0.04,29,1
5094,48,9.583818998556707,0.01,20,1
5095,112,138.7986824912621,0.04,5,0
5096,58,31.868043233415577,0.0,2,0
5097,51,171.81774708478846,0.02,0,0
5098,92,189.2577806112833,0.05,2,0
5099,101,273.7830940414405,0.01,5,0
5100,29,38.09251797897814,0.02,4,0
5101,105,260.2769543729268,0.04,1,0
5102,137,424.7811133069878,0.03,7,0
5103,73,148.56943120420436,0.04,7,0
5104,66,231.48657008596098,0.01,1,0
5105,64,412.57525353561863,0.01,0,0
5106,84,358.36489428797375,0.03,6,0
5107,3,49.46979188880578,0.03,7,0
5108,75,47.221100791097456,0.01,7,0
5109,91,353.2593711107961,0.02,5,0
5110,103,12.94148759431221,0.02,2,0
5111,8,40.56708012945372,0.36,18,1
5112,76,355.02832254980893,0.09,3,0
5113,46,30.963373145532298,0.04,3,0
5114,50,378.25726810413937,0.04,5,0
5115,84,15.304752501776862,0.3,24,1
5116,117,44.69278751767474,0.04,3,0
5117,130,450.5486115250074,0.03,2,0
5118,14,44.98042433705419,0.04,24,1
5119,3,37.27584329979963,0.02,17,1
5120,74,348.35828126931506,0.02,7,0
5121,3,11.420317467465098,0.03,9,1
5122,71,354.59331009918355,0.39,26,1
5123,118,455.69442515366234,0.04,5,0
5124,40,247.0894344850419,0.0,0,0
5125,136,32.15038959030172,0.03,2,0
5126,145,25.077273418798885,0.3,17,1
5127,15,42.6633994102558,0.21,23,1
5128,30,41.17365246326346,0.02,2,0
5129,59,11.109718148837292,0.32,9,1
5130,116,412.7651061092348,0.03,5,0
5131,47,56.90255638321216,0.01,5,0
5132,77,499.90397335052796,0.01,5,0
5133,110,6.752743850875717,0.03,7,0
5134,115,397.36795244491316,0.15,3,0
5135,145,356.98570801068973,0.01,3,0
5136,86,33.706459382192165,0.04,3,0
5137,40,21.609023841047293,0.04,18,1
5138,45,218.59382710829038,0.03,0,0
5139,69,239.1741146707969,0.04,2,0
5140,37,38.98617567028288,0.02,9,1
5141,105,441.5728385905277,0.04,0,0
5142,109,468.9838021547773,0.08,1,0
5143,2,14.064612638106139,0.31,19,1
5144,11,13.45719861418101,0.01,12,1
5145,77,17.327659159214782,0.01,4,0
5146,76,127.77364958403118,0.04,4,0
5147,17,14.004214807765853,0.01,1,0
5148,47,121.59868103536559,0.11,0,0
5149,21,19.917244413321136,0.25,15,1
5150,30,38.1531668053385,0.04,22,1
5151,76,27.859858193045547,0.02,2,0
5152,121,160.0845336275396,0.03,7,0
5153,129,487.60905639800825,0.05,5,0
5154,78,29.681891772683677,0.04,7,0
5155,16,12.28904245665272,0.36,22,1
5156,108,439.7140487681698,0.12,5,0
5157,48,24.58696236680496,0.02,7,0
5158,4,32.19271487550299,0.02,18,1
5159,17,11.290141705219028,0.03,9,1
5160,29,32.10868634366405,0.36,22,1
5161,50,214.17876810294078,0.04,3,0
5162,81,425.34091024911055,0.01,1,0
5163,133,345.8851742685344,0.03,6,0
5164,44,208.54125345626179,0.05,7,0
5165,121,292.16320212175924,0.01,2,0
5166,60,86.94852318515575,0.03,2,0
5167,53,162.83799976275594,0.03,0,0
5168,15,28.06142444906966,0.38,30,1
5169,90,84.96077038550635,0.04,3,0
5170,115,11.599330920325368,0.04,4,0
5171,74,44.770581221351314,0.04,4,0
5172,15,34.75268163136104,0.01,1,0
5173,43,16.785082578356786,0.01,23,1
5174,34,32.753114062538785,0.0,1,0
5175,60,413.09244525528806,0.36,24,1
5176,109,375.9380094932074,0.0,5,0
5177,15,47.868014626912206,0.02,22,1
5178,78,42.138710885588,0.12,4,0
5179,66,12.976627140190782,0.03,1,0
5180,140,306.5880798152343,0.34,14,1
5181,83,27.21240283699297,0.0,3,0
5182,80,222.60588304024876,0.22,24,1
5183,114,44.675556335066865,0.01,2,0
5184,90,402.7603135027727,0.02,5,0
5185,138,141.6356506923924,0.04,3,0
5186,42,157.85460191274547,0.01,4,0
5187,64,231.74576647470286,0.01,0,0
5188,55,36.68604499793309,0.03,6,0
5189,17,37.121884251801475,0.03,25,1
5190,101,87.4149935802728,0.02,1,0
5191,16,18.61479027615589,0.05,20,1
5192,109,40.15758546318535,0.01,1,0
5193,126,278.8684752599413,0.04,6,0
5194,98,150.96301796962825,0.03,6,0
5195,72,24.604862063753835,0.0,3,0
5196,22,48.51511030048649,0.23,11,1
5197,17,8.79618022709618,0.01,30,1
5198,47,36.498500849539724,0.0,9,1
5199,94,25.01858239418694,0.27,28,1
5200,48,11.769049829173838,0.0,1,0
5201,111,114.28763681014391,0.04,4,0
5202,84,370.69708781275637,0.01,7,0
5203,111,7.329597757271726,0.0,6,0
5204,60,299.52760401870535,0.02,2,0
5205,97,343.0436319826534,0.02,3,0
5206,111,160.3551006828025,0.03,5,0
5207,112,269.5155233740717,0.0,0,0
5208,78,15.774027639640725,0.04,5,0
5209,36,39.043306275836265,0.04,2,0
5210,117,160.46292177389677,0.04,2,0
5211,17,20.295586902022208,0.05,21,1
5212,36,15.531983420379406,0.24,29,1
5213,6,45.392837776027406,0.0,4,0
5214,9,10.158504658023263,0.0,23,1
5215,36,42.61666658448346,0.02,1,0
5216,117,139.26740502954783,0.07,4,0
5217,71,57.03377264929151,0.03,4,0
5218,19,27.790187245810984,0.01,26,1
5219,141,396.3978868381776,0.04,3,0
5220,46,11.75925712012553,0.03,1,0
5221,2,7.548944694681742,0.01,29,1
5222,109,33.552330766044484,0.05,2,0
5223,93,79.70615704087047,0.28,19,1
5224,47,300.94858375967027,0.17,2,0
5225,103,49.27901980546056,0.3,8,1
5226,88,109.39072799829538,0.01,6,0
5227,64,57.19154960302799,0.02,0,0
5228,143,79.59785832687088,0.05,6,0
5229,142,329.5412141028869,0.13,6,0
5230,56,177.16960389867268,0.05,2,0
5231,128,16.03106559735719,0.04,0,0
5232,6,26.77932194521524,0.19,3,0
5233,117,278.51683581489783,0.03,3,0
5234,86,334.4890438211035,0.04,5,0
5235,49,12.655113887976734,0.04,30,1
5236,67,254.75174972730613,0.01,0,0
5237,8,28.967231440704936,0.01,6,0
5238,75,32.66586220483108,0.05,2,0
5239,92,14.143426683826572,0.01,2,0
5240,54,242.77701233397173,0.04,7,0
5241,99,218.4503301419057,0.03,4,0
5242,135,383.3853089937876,0.04,5,0
5243,55,90.6650110769814,0.01,0,0
5244,7,44.08581407916608,0.0,0,0
5245,24,9.96477518250634,0.31,21,1
5246,107,460.0444058262732,0.02,7,0
5247,77,19.694848619514453,0.04,7,0
5248,110,83.88232161319903,0.0,3,0
5249,43,431.83698607344627,0.05,1,0
5250,64,343.6398073261628,0.01,6,0
5251,49,34.42819562522561,0.03,2,0
5252,41,6.982106545854159,0.0,15,1
5253,62,136.3744661351861,0.01,3,0
5254,45,45.32961728873055,0.03,18,1
5255,96,48.31924370064909,0.04,1,0
5256,61,406.4029924380904,0.03,5,0
5257,75,30.32497217136575,0.2,9,1
5258,33,41.07360549318587,0.01,2,0
5259,76,398.92334958091993,0.0,3,0
5260,7,40.175488901400655,0.04,3,0
5261,16,34.67195560150984,0.05,30,1
5262,7,47.82191862802143,0.37,23,1
5263,39,37.56379384205424,0.04,25,1
5264,147,12.58012663632497,0.05,7,0
5265,3,14.685406426887045,0.01,17,1
5266,40,24.489626670949722,0.02,20,1
5267,43,27.32445009817224,0.01,5,0
5268,12,23.312398220254224,0.04,1,0
5269,59,31.94437383772538,0.02,3,0
5270,105,60.031078490556624,0.02,1,0
5271,68,8.304951837676215,0.01,3,0
5272,41,19.657612186188985,0.12,23,1
5273,86,268.44771674227013,0.02,3,0
5274,19,12.590378109092175,0.03,7,0
5275,125,8.202547305490027,0.03,2,0
5276,4,32.118520431929,0.04,20,1
5277,79,49.44602601163622,0.02,5,0
5278,145,406.867370305091,0.03,2,0
5279,22,17.543873811493846,0.12,23,1
5280,56,124.68198314296403,0.0,6,0
5281,90,7.755114893111028,0.24,16,1
5282,39,9.417991452539752,0.02,6,0
5283,92,119.35066226865571,0.04,6,0
5284,150,489.63963801624453,0.05,2,0
5285,68,62.84646356846419,0.03,2,0
5286,101,303.6600164446028,0.26,25,1
5287,17,31.43324643873446,0.01,28,1
5288,68,42.623764951910275,0.31,8,1
5289,141,94.86765248010047,0.0,5,0
5290,132,96.854348580767,0.01,1,0
5291,61,5.150696289270455,0.33,27,1
5292,27,7.4398227272314585,0.02,25,1
5293,135,204.78789135707132,0.01,4,0
5294,26,36.26678163186881,0.01,26,1
5295,20,36.81661490586639,0.05,8,1
5296,26,46.259054581569345,0.19,1,0
5297,137,11.692159391238318,0.03,7,0
5298,101,28.507532907073898,0.05,6,0
5299,44,32.826797836575345,0.02,21,1
5300,3,39.02665820064881,0.05,27,1
5301,79,400.345627536198,0.03,0,0
5302,67,299.9506023333324,0.01,4,0
5303,44,37.5473297848404,0.02,12,1
5304,36,24.083997591284852,0.01,29,1
5305,134,182.0058674046403,0.15,1,0
5306,74,9.504397560929178,0.03,0,0
5307,86,33.29100715633582,0.02,7,0
5308,13,17.57744657476997,0.05,28,1
5309,120,8.094312737477651,0.04,3,0
5310,18,12.794986350903784,0.01,4,0
5311,30,21.105359609719674,0.03,24,1
5312,53,233.95966702966447,0.02,6,0
5313,41,287.5072086988362,0.01,5,0
5314,50,21.912453349029345,0.28,24,1
5315,93,26.000208444145375,0.03,1,0
5316,57,44.03265709904722,0.2,21,1
5317,114,201.08587326126664,0.02,3,0
5318,50,189.60953054224194,0.33,18,1
5319,12,20.734194799461612,0.03,0,0
5320,49,11.00236286573758,0.02,0,0
5321,88,88.62657171470457,0.02,7,0
5322,74,298.8764007283995,0.03,6,0
5323,76,155.57358604735856,0.05,3,0
5324,111,307.74011522241057,0.14,0,0
5325,29,18.700152150878154,0.04,6,0
5326,8,9.682958560873773,0.04,28,1
5327,4,32.216382450905755,0.05,21,1
5328,33,26.786926924608778,0.02,23,1
5329,70,332.4533593158297,0.02,2,0
5330,57,42.83890447639189,0.02,2,0
5331,98,40.64086578469575,0.02,2,0
5332,129,50.727995376974164,0.01,1,0
5333,78,362.7689134396167,0.32,14,1
5334,119,269.4351943159263,0.02,4,0
5335,98,113.39005716268204,0.04,5,0
5336,128,461.0553575541106,0.04,5,0
5337,73,166.2429646640193,0.0,0,0
5338,39,14.631433316013645,0.03,4,0
5339,76,56.20792125508541,0.28,17,1
5340,78,163.19356508835625,0.01,5,0
5341,103,165.997036893603,0.05,7,0
5342,112,42.62132510661811,0.02,5,0
5343,72,345.9644461654478,0.29,29,1
5344,136,110.38105239988792,0.26,27,1
5345,74,5.878825215359317,0.04,5,0
5346,102,16.09826617296285,0.39,28,1
5347,131,332.1271018992674,0.01,2,0
5348,26,21.602010039209585,0.01,13,1
5349,131,262.8992277552127,0.02,1,0
5350,111,354.81531688312384,0.03,3,0
5351,91,45.0175077002781,0.04,7,0
5352,81,114.53931455394464,0.04,4,0
5353,3,37.58502950927081,0.02,0,0
5354,26,24.21716343526719,0.0,12,1
5355,15,17.16616044945537,0.32,16,1
5356,56,62.443542910262025,0.03,6,0
5357,107,460.159995941483,0.0,7,0
5358,22,24.038182626589,0.17,0,0
5359,90,364.89025691444965,0.05,2,0
5360,91,432.35283239346774,0.04,3,0
5361,80,285.1850413659321,0.02,7,0
5362,38,21.45053079654603,0.03,21,1
5363,79,301.2229036144263,0.26,20,1
5364,25,28.730365267590223,0.01,14,1
5365,48,272.7141421611859,0.0,1,0
5366,59,42.53710660172564,0.03,4,0
5367,59,186.53701931914028,0.04,5,0
5368,46,143.63344398901097,0.04,5,0
5369,12,7.043644547134155,0.36,20,1
5370,75,65.03165902038222,0.03,5,0
5371,125,16.088008437201776,0.11,2,0
5372,61,97.94099463255723,0.03,2,0
5373,1,48.39212793402851,0.04,15,1
5374,67,250.52640283881505,0.03,5,0
5375,128,252.25498793120042,0.04,2,0
5376,8,5.36707058027556,0.32,25,1
5377,61,22.191206758836397,0.04,5,0
5378,29,6.469017769876432,0.04,3,0
5379,104,44.20923660185318,0.03,0,0
5380,144,304.224842195238,0.05,0,0
5381,148,98.55751525418952,0.04,0,0
5382,3,6.608233925243283,0.03,19,1
5383,48,27.3851076111818,0.04,2,0
5384,61,98.36522251361079,0.03,1,0
5385,82,71.65359894333375,0.05,5,0
5386,149,321.8144774002999,0.02,1,0
5387,137,103.15644731934813,0.03,3,0
5388,105,16.704903444919943,0.05,1,0
5389,41,34.95560409441411,0.04,16,1
5390,72,489.3515874417366,0.03,7,0
5391,79,479.395245792202,0.01,4,0
5392,150,327.9656559313628,0.0,5,0
5393,48,367.81291415809125,0.04,5,0
5394,49,12.387582502032586,0.03,17,1
5395,146,180.83666315576627,0.04,1,0
5396,143,351.8236796404337,0.18,5,0
5397,16,45.341193543088835,0.05,5,0
5398,125,477.0698311069858,0.03,7,0
5399,105,46.15406546497441,0.01,1,0
5400,76,46.908633055527915,0.03,6,0
5401,46,38.02294045740339,0.01,25,1
5402,9,6.887946955682116,0.34,19,1
5403,44,17.651677124274137,0.08,22,1
5404,45,267.9084704034128,0.02,6,0
5405,65,18.060222972035643,0.04,6,0
5406,138,224.11256303260726,0.02,4,0
5407,136,446.38971262716257,0.01,3,0
5408,118,408.4700539267499,0.04,4,0
5409,53,77.92787034963337,0.04,5,0
5410,60,43.60064017893225,0.01,0,0
5411,118,361.80829976967163,0.03,0,0
5412,90,315.3878243993532,0.02,3,0
5413,76,465.2353200492502,0.03,7,0
5414,18,20.65578163886301,0.02,24,1
5415,136,244.8400494183264,0.03,3,0
5416,118,16.30744257043842,0.16,0,0
5417,118,348.3052477805542,0.04,3,0
5418,6,37.296667333081,0.2,11,1
5419,8,22.063689276538888,0.0,21,1
5420,36,24.146386455109724,0.05,29,1
5421,32,44.119531977639035,0.01,26,1
5422,145,55.27892644069806,0.04,2,0
5423,126,492.1385349016589,0.12,5,0
5424,109,210.90310298661635,0.03,7,0
5425,59,48.1042484031483,0.01,3,0
5426,69,94.85898559222645,0.03,0,0
5427,42,7.96477996773112,0.01,2,0
5428,1,40.62670289756697,0.0,2,0
5429,109,399.848953450641,0.03,5,0
5430,81,420.418032282143,0.0,5,0
5431,149,89.97520325804135,0.02,4,0
5432,66,387.87948859142324,0.0,0,0
5433,58,34.38564787017167,0.05,1,0
5434,93,444.1108268685133,0.01,6,0
5435,49,9.851507324747622,0.31,15,1
5436,5,19.338777589078344,0.01,25,1
5437,37,30.061946136298868,0.02,26,1
5438,142,164.13081649449407,0.07,7,0
5439,73,15.891333096157668,0.02,4,0
5440,88,166.15267530320335,0.01,2,0
5441,42,124.12050981439862,0.04,3,0
5442,135,373.95789138388125,0.02,1,0
5443,26,20.20218798145395,0.05,30,1
5444,69,335.1943542121094,0.04,3,0
5445,51,65.39058094973942,0.0,1,0
5446,60,83.72450261654669,0.01,6,0
5447,14,31.211660642669376,0.05,16,1
5448,85,79.03961533150594,0.05,0,0
5449,43,43.1731463466926,0.0,0,0
5450,91,481.6738690727345,0.04,1,0
5451,59,438.1816995080768,0.0,7,0
5452,62,36.24859886891363,0.03,1,0
5453,145,23.648033249974,0.02,5,0
5454,49,38.73059907596801,0.1,3,0
5455,34,27.948352809709878,0.01,14,1
5456,88,415.6158767646621,0.01,5,0
5457,65,105.11675025396536,0.13,6,0
5458,147,45.59922993985368,0.03,5,0
5459,99,192.1512825769647,0.02,4,0
5460,19,42.12447954170589,0.05,4,0
5461,17,45.86147860558592,0.19,12,1
5462,142,397.35681032073074,0.02,0,0
5463,90,213.53249759541595,0.01,4,0
5464,5,43.71699153835274,0.04,13,1
5465,55,6.16754214420483,0.02,7,0
5466,122,47.6004042122638,0.04,2,0
5467,123,295.78460755554556,0.02,1,0
5468,110,113.14330627450624,0.03,3,0
5469,145,17.437533661395896,0.23,19,1
5470,92,318.3970478214663,0.37,29,1
5471,45,63.76929107666215,0.02,1,0
5472,99,27.693314936483706,0.01,4,0
5473,133,305.3286193856269,0.02,4,0
5474,110,149.81747067056915,0.0,4,0
5475,23,28.713349422055053,0.3,10,1
5476,7,29.266076455443944,0.0,9,1
5477,39,25.544798525413718,0.04,8,1
5478,43,98.58803548122361,0.38,22,1
5479,65,109.67806936977655,0.04,5,0
5480,3,21.41876835206407,0.35,29,1
5481,72,448.71413962026935,0.02,2,0
5482,120,181.6498387391389,0.1,4,0
5483,144,46.11777003165547,0.03,0,0
5484,34,39.10938847182917,0.0,20,1
5485,40,19.20228614475831,0.02,14,1
5486,28,13.73200926914889,0.0,18,1
5487,46,331.867407959315,0.05,0,0
5488,47,49.20739991562879,0.0,6,0
5489,104,156.60831513911552,0.32,30,1
5490,102,380.36454337979137,0.04,7,0
5491,18,11.036355905527405,0.24,27,1
5492,125,221.29789129855112,0.03,4,0
5493,33,39.750470873055356,0.29,14,1
5494,111,138.93202484096764,0.0,2,0
5495,17,23.815613241920207,0.28,19,1
5496,54,347.480146906063,0.04,0,0
5497,51,8.370449351059747,0.05,6,0
5498,140,231.06129024947492,0.37,17,1
5499,101,95.81970501490227,0.01,4,0
5500,35,28.224712730870014,0.17,13,1
5501,122,111.35879796100232,0.01,1,0
5502,88,389.3893647832222,0.03,1,0
5503,13,16.47410806701361,0.05,7,0
5504,102,243.4323739486086,0.03,7,0
5505,14,17.872240864934177,0.03,22,1
5506,43,44.29048961289822,0.02,14,1
5507,130,221.79163412164488,0.03,2,0
5508,119,162.19079508790367,0.01,6,0
5509,126,363.97971305879855,0.28,18,1
5510,61,193.79560562832478,0.02,1,0
5511,107,264.86905219622366,0.37,10,1
5512,2,48.96237376708758,0.01,13,1
5513,15,47.994285489273985,0.02,1,0
5514,81,380.9911843928042,0.02,6,0
5515,146,77.67886974636625,0.03,4,0
5516,92,159.31821092417997,0.02,0,0
5517,116,69.97287252208542,0.02,2,0
5518,51,316.3442341528751,0.0,5,0
5519,121,357.650740564016,0.01,7,0
5520,149,392.3902747990159,0.04,2,0
5521,27,22.502933825863096,0.18,11,1
5522,105,352.749205468761,0.0,2,0
5523,30,13.94618619720843,0.15,11,1
5524,148,220.16364871517635,0.03,3,0
5525,40,5.190405683296961,0.01,7,0
5526,112,416.84008524604417,0.03,2,0
5527,37,37.869762096659585,0.03,2,0
5528,150,262.1651048852167,0.01,4,0
5529,79,235.63994659909315,0.05,7,0
5530,105,145.12591815146487,0.02,6,0
5531,51,419.24239344540075,0.01,2,0
5532,97,255.47671368583673,0.02,2,0
5533,92,399.6385192887302,0.01,7,0
5534,114,66.24943485428696,0.05,7,0
5535,109,432.2018124585793,0.03,0,0
5536,94,203.86167243140434,0.05,3,0
5537,31,31.807226529790036,0.1,19,1
5538,48,15.591951861554056,0.05,21,1
5539,117,308.97904398218867,0.05,1,0
5540,13,32.5672475521737,0.01,25,1
5541,83,310.3007361969146,0.05,3,0
5542,143,132.86582591162943,0.06,3,0
5543,59,42.51949468340782,0.0,4,0
5544,38,7.756238947172648,0.03,0,0
5545,101,241.25357370237936,0.02,1,0
5546,115,402.9883897419454,0.04,0,0
5547,47,364.148021630939,0.04,6,0
5548,43,24.83987751558588,0.04,18,1
5549,26,20.54196026851217,0.0,13,1
5550,41,19.985949718185243,0.01,12,1
5551,51,340.3097414922167,0.36,21,1
5552,119,21.15086019450412,0.0,3,0
5553,32,24.281966009903584,0.02,13,1
5554,41,8.001662066081039,0.03,0,0
5555,41,21.91402705032999,0.03,1,0
5556,7,37.7808239947804,0.01,14,1
5557,72,204.24524306405084,0.02,2,0
5558,88,481.73821536313267,0.03,3,0
5559,110,7.805179148534008,0.0,6,0
5560,140,12.101860749555915,0.03,5,0
5561,43,26.64637195443011,0.03,1,0
5562,142,18.8304931939224,0.04,1,0
5563,118,248.27842156336058,0.02,5,0
5564,15,22.83167795366177,0.11,0,0
5565,14,26.754126702568822,0.01,28,1
5566,77,36.99121238589339,0.17,7,0
5567,14,49.33090828443453,0.01,21,1
5568,75,141.29915728383915,0.03,2,0
5569,123,258.15163697773363,0.02,3,0
5570,12,21.65159826634396,0.03,30,1
5571,90,69.20457636394647,0.04,4,0
5572,5,16.894190214912978,0.01,9,1
5573,8,29.50307437760322,0.02,21,1
5574,74,213.23579000223026,0.01,5,0
5575,50,15.542647468074048,0.05,1,0
5576,37,35.395967204535964,0.03,1,0
5577,37,37.767565162685074,0.39,20,1
5578,28,21.200657602497955,0.01,2,0
5579,49,23.732879167260254,0.05,12,1
5580,34,38.52749887782878,0.03,4,0
5581,55,420.4643127017466,0.03,3,0
5582,48,42.947485729417885,0.03,25,1
5583,41,490.4695563852,0.03,1,0
5584,26,24.637348474881385,0.05,4,0
5585,109,208.45253184262188,0.0,3,0
5586,128,19.316235768969864,0.01,6,0
5587,12,35.57979810236672,0.04,6,0
5588,5,22.359458719796322,0.01,7,0
5589,35,21.15934367936146,0.07,13,1
5590,84,109.31834952879032,0.05,7,0
5591,3,21.274020293315107,0.0,0,0
5592,137,77.26898372755839,0.01,0,0
5593,40,40.63164023267676,0.3,12,1
5594,141,49.00641201536599,0.03,2,0
5595,44,39.39524544353746,0.0,5,0
5596,137,138.44366389040516,0.17,4,0
5597,72,8.70080778406578,0.01,3,0
5598,111,488.3874348639519,0.33,8,1
5599,80,7.38620703565395,0.0,7,0
5600,141,23.642753885154125,0.05,4,0
5601,48,82.32384530080033,0.38,11,1
5602,132,104.41281427755669,0.04,0,0
5603,48,27.95568406324404,0.01,5,0
5604,147,456.91004494938556,0.03,7,0
5605,55,452.1969495940944,0.34,24,1
5606,123,366.11952879566286,0.02,3,0
5607,95,248.72681381562347,0.02,1,0
5608,3,18.358337458440857,0.02,5,0
5609,21,44.38189729871643,0.02,25,1
5610,8,34.80541339119793,0.05,30,1
5611,83,393.8253409655367,0.0,5,0
5612,102,110.57693794831768,0.0,4,0
5613,45,38.96700821482142,0.03,20,1
5614,114,398.6195569926535,0.33,17,1
5615,47,27.59136016771521,0.15,8,1
5616,26,18.3022523719519,0.02,8,1
5617,96,156.5858074959962,0.05,1,0
5618,135,313.8714746438564,0.04,7,0
5619,59,398.42065151583586,0.05,2,0
5620,121,34.44940761727722,0.03,5,0
5621,103,269.4642652896215,0.01,1,0
5622,137,494.2044922596339,0.05,6,0
5623,51,191.90550890715176,0.04,5,0
5624,65,28.850650948644528,0.03,7,0
5625,88,363.76468172190675,0.0,3,0
5626,141,262.585136543877,0.02,5,0
5627,44,44.03028635197672,0.03,1,0
5628,53,466.863417192172,0.0,4,0
5629,3,37.73074105587462,0.03,18,1
5630,84,64.20454137445189,0.03,0,0
5631,4,21.50874844265136,0.31,21,1
5632,33,19.88827954492584,0.01,17,1
5633,11,6.220616693092861,0.02,15,1
5634,84,289.7845424013974,0.01,7,0
5635,53,300.1919583818608,0.03,7,0
5636,34,48.11443722651251,0.04,23,1
5637,90,449.71678819848665,0.04,7,0
5638,41,14.593789526318469,0.01,27,1
5639,45,361.77416817946454,0.01,1,0
5640,101,14.227607668584998,0.04,0,0
5641,147,332.4926564134566,0.02,0,0
5642,29,43.762535921341126,0.01,27,1
5643,104,381.38438826999,0.0,3,0
5644,56,498.3793697455762,0.2,23,1
5645,39,20.145472538502148,0.02,27,1
5646,76,308.77394246602785,0.04,3,0
5647,11,7.186746530990003,0.04,30,1
5648,88,243.68779862319371,0.0,7,0
5649,116,76.55253793862587,0.0,0,0
5650,49,391.8188183377324,0.03,5,0
5651,55,24.81960763260385,0.02,3,0
5652,116,86.47601547980548,0.01,0,0
5653,89,395.86891773619914,0.01,2,0
5654,50,47.269962625747496,0.01,12,1
5655,97,281.6481139337777,0.35,24,1
5656,25,40.726715184082316,0.0,12,1
5657,141,250.00333976438603,0.04,2,0
5658,46,12.12831184170732,0.03,26,1
5659,136,85.10833948110965,0.04,0,0
5660,73,124.13323635379903,0.05,7,0
5661,106,482.73085645407514,0.03,2,0
5662,34,35.76845306221482,0.15,6,0
5663,84,487.33622579096226,0.0,7,0
5664,15,10.180399500371188,0.02,20,1
5665,4,44.79170875656053,0.03,23,1
5666,83,170.32911008613132,0.05,6,0
5667,48,33.70443547170818,0.03,28,1
5668,126,133.70037753619442,0.04,7,0
5669,136,35.623962692019404,0.02,3,0
5670,44,54.66845780736982,0.03,4,0
5671,118,120.12105078075275,0.04,7,0
5672,24,16.73878423264874,0.03,27,1
5673,50,319.27396334051167,0.04,7,0
5674,72,152.3810822921995,0.04,4,0
5675,127,203.23320572846387,0.02,3,0
5676,6,17.112854669182866,0.03,14,1
5677,63,136.50704878897812,0.01,3,0
5678,133,98.84084905710435,0.01,6,0
5679,22,19.119581898491113,0.04,25,1
5680,124,183.21391788930745,0.4,18,1
5681,12,5.505421331066802,0.02,27,1
5682,92,432.52902984923173,0.02,1,0
5683,21,46.11767657982513,0.02,6,0
5684,88,48.73558947734969,0.03,4,0
5685,73,17.730224064473113,0.02,5,0
5686,41,90.15673451871548,0.17,0,0
5687,112,203.30450302538694,0.37,23,1
5688,45,487.5018355938996,0.02,0,0
5689,42,203.4292177052937,0.31,11,1
5690,125,282.25576255349665,0.04,3,0
5691,6,35.10959412404053,0.05,27,1
5692,121,351.2233167969391,0.05,0,0
5693,50,70.7140878234109,0.02,5,0
5694,116,468.8675560761175,0.01,4,0
5695,53,35.129653104572725,0.03,5,0
5696,142,254.5740422803386,0.04,0,0
5697,138,95.44469809716773,0.03,4,0
5698,126,442.91865784817145,0.01,1,0
5699,121,477.41599188577646,0.02,5,0
5700,56,190.2065415201047,0.0,7,0
5701,56,15.230532498774547,0.01,5,0
5702,148,46.14065406027257,0.02,6,0
5703,46,22.19772638480664,0.01,19,1
5704,11,23.687627286487633,0.31,9,1
5705,54,145.09622250261438,0.01,0,0
5706,92,441.37687791665667,0.01,3,0
5707,78,35.51496482908355,0.04,7,0
5708,30,9.018095945403925,0.01,27,1
5709,143,273.3487365744495,0.01,0,0
5710,48,49.50776300511739,0.03,2,0
5711,41,27.703128546164365,0.02,27,1
5712,129,277.5189281273477,0.38,16,1
5713,48,486.8065422231029,0.01,3,0
5714,21,26.987602220640508,0.23,20,1
5715,80,455.24487858264456,0.03,5,0
5716,92,24.790079924833375,0.03,1,0
5717,79,71.83521500355288,0.04,3,0
5718,149,72.03246748653464,0.16,0,0
5719,47,28.688376386824086,0.0,7,0
5720,80,367.70587621378274,0.0,0,0
5721,8,25.67161328206516,0.05,20,1
5722,38,32.52709323415225,0.01,20,1
5723,33,9.079522886832741,0.04,3,0
5724,24,46.535897353156805,0.01,1,0
5725,78,13.723664632860979,0.03,7,0
5726,46,116.81650302904714,0.01,7,0
5727,14,5.660881555378528,0.01,6,0
5728,76,17.756317944744808,0.01,0,0
5729,41,42.47689155138518,0.0,16,1
5730,111,184.27732630198975,0.05,0,0
5731,132,28.4759561310034,0.19,5,0
5732,90,331.0083265590473,0.04,6,0
5733,53,126.43036446868993,0.03,5,0
5734,28,38.10607307147754,0.01,15,1
5735,61,466.1434127382193,0.04,7,0
5736,12,17.348819837526882,0.01,29,1
5737,41,14.439732132741105,0.02,6,0
5738,82,411.85874537472984,0.04,0,0
5739,18,31.06565699908485,0.02,25,1
5740,109,394.3283119090341,0.05,0,0
5741,90,89.12853149533828,0.0,7,0
5742,119,315.19354524046594,0.0,3,0
5743,128,262.07802980971576,0.0,3,0
5744,122,38.23128642375676,0.01,2,0
5745,38,36.82434306269001,0.02,11,1
5746,130,191.40910218977214,0.04,7,0
5747,120,23.958393467395506,0.04,3,0
5748,84,395.92182237576384,0.05,4,0
5749,104,317.45240469594063,0.0,7,0
5750,62,216.10924233648225,0.37,22,1
5751,78,401.10319620306706,0.03,7,0
5752,108,12.973574349353505,0.02,3,0
5753,71,189.72669799060628,0.13,7,0
5754,99,34.160857673153146,0.0,5,0
5755,40,17.624166466361736,0.1,7,0
5756,134,27.740644808086923,0.0,5,0
5757,48,14.15646840842801,0.01,23,1
5758,79,287.6115399114093,0.02,6,0
5759,75,84.75811942345581,0.0,7,0
5760,136,472.55983536602463,0.03,3,0
5761,93,48.94369851670369,0.01,6,0
5762,81,418.0297290634849,0.04,1,0
5763,30,35.01112227334551,0.02,6,0
5764,111,38.667271547104846,0.01,3,0
5765,41,225.6307578206314,0.04,6,0
5766,40,443.8139639029652,0.03,2,0
5767,85,470.05678447844116,0.02,2,0
5768,47,34.95331195201226,0.05,12,1
5769,41,299.4536205339026,0.03,5,0
5770,72,59.56266385404273,0.12,6,0
5771,145,481.21913239022496,0.03,7,0
5772,118,470.16795447121336,0.01,2,0
5773,84,53.305226051253534,0.01,2,0
5774,32,47.18591917498266,0.02,20,1
5775,61,20.10233411774135,0.03,2,0
5776,49,115.89558801748365,0.04,5,0
5777,103,471.145592894955,0.32,11,1
5778,34,35.250551782524305,0.32,10,1
5779,102,32.80132584690408,0.16,5,0
5780,18,6.565638558395456,0.04,15,1
5781,65,49.188903515624816,0.23,25,1
5782,78,57.37980812874965,0.02,3,0
5783,120,197.11996977666166,0.04,7,0
5784,65,478.9945669619378,0.26,29,1
5785,13,35.024755756148835,0.02,26,1
5786,36,11.914148281589908,0.0,24,1
5787,142,40.37533920368735,0.03,6,0
5788,77,14.833233412843668,0.03,2,0
5789,107,332.18533327353447,0.02,2,0
5790,116,283.5518917073361,0.01,3,0
5791,46,65.78484276998579,0.02,7,0
5792,29,6.899923296585353,0.04,8,1
5793,141,347.5784828572983,0.02,5,0
5794,54,293.5365412632941,0.02,3,0
5795,51,258.2148949436887,0.03,5,0
5796,42,14.245254635755115,0.03,5,0
5797,119,451.9220965817486,0.03,6,0
5798,74,459.8414433409504,0.0,6,0
5799,75,425.2972568188302,0.0,7,0
5800,10,24.06556803559233,0.04,3,0
5801,114,24.381293040365744,0.01,1,0
5802,130,44.5756761930458,0.02,7,0
5803,41,36.63591492106656,0.02,4,0
5804,25,33.59079369028616,0.02,3,0
5805,18,5.526607707591553,0.02,19,1
5806,52,297.6790979761263,0.18,7,0
5807,46,26.901689731624646,0.34,22,1
5808,129,178.073167775695,0.01,3,0
5809,93,399.2122831227753,0.03,5,0
5810,47,64.32253780434331,0.16,0,0
5811,56,460.32113117699095,0.05,5,0
5812,95,467.8580626014674,0.01,6,0
5813,72,85.92680730943405,0.02,0,0
5814,122,198.97558910299537,0.05,7,0
5815,34,48.946115500844954,0.01,10,1
5816,95,149.52894421329356,0.13,1,0
5817,49,36.33868231747192,0.03,26,1
5818,110,40.30456564758684,0.02,5,0
5819,99,260.8370068598226,0.02,6,0
5820,45,379.017380834259,0.01,7,0
5821,54,46.52026719247148,0.24,20,1
5822,25,22.922620907817816,0.04,10,1
5823,14,23.488833203294394,0.01,1,0
5824,119,449.56635528080716,0.03,7,0
5825,141,460.58428949076006,0.02,1,0
5826,120,46.985961700500894,0.02,4,0
5827,49,93.9268810866817,0.0,0,0
5828,34,25.804334556570716,0.14,9,1
5829,94,12.436326231408675,0.04,3,0
5830,136,208.79957228435802,0.01,6,0
5831,32,8.102825075447532,0.03,25,1
5832,76,47.246582102306846,0.03,1,0
5833,52,301.4835975538353,0.04,5,0
5834,94,421.1722687107106,0.01,7,0
5835,39,33.08661501206262,0.04,7,0
5836,126,39.673166539193545,0.35,9,1
5837,147,354.50472467834436,0.03,1,0
5838,127,301.6059175003719,0.32,23,1
5839,8,5.5444971165743615,0.04,28,1
5840,132,24.91171221738019,0.01,7,0
5841,106,22.443973857823224,0.03,6,0
5842,49,130.06800998675638,0.15,0,0
5843,4,40.032852411615956,0.04,24,1
5844,47,35.37899559477765,0.03,30,1
5845,114,267.6980403383984,0.03,0,0
5846,51,7.6654118898293016,0.02,3,0
5847,16,24.987897826555795,0.05,24,1
5848,16,6.842591139953765,0.0,8,1
5849,19,13.590868440826815,0.02,4,0
5850,48,38.9637200178726,0.22,15,1
5851,149,253.39156557778463,0.05,1,0
5852,106,20.268812052012667,0.0,6,0
5853,77,180.62202152987615,0.04,7,0
5854,58,404.3131589254473,0.28,18,1
5855,118,190.9512643398048,0.01,7,0
5856,75,321.3012643364022,0.01,0,0
5857,57,31.384751670959627,0.01,4,0
5858,39,40.86870870398368,0.04,19,1
5859,95,498.0799447561175,0.04,4,0
5860,88,13.773135784493723,0.01,4,0
5861,104,323.020263901964,0.01,5,0
5862,40,120.55578991845054,0.03,2,0
5863,134,66.96955615488625,0.04,0,0
5864,96,20.113747813363,0.04,1,0
5865,116,26.524503312013344,0.03,5,0
5866,15,45.964630071968614,0.02,28,1
5867,95,6.28113921272103,0.01,0,0
5868,86,46.15634529367567,0.03,6,0
5869,41,84.694372609777,0.0,2,0
5870,45,230.88989681998132,0.01,3,0
5871,70,34.19138891510601,0.02,3,0
5872,127,91.28409853591256,0.03,4,0
5873,40,170.70701483345476,0.01,5,0
5874,78,26.039503129790557,0.02,3,0
5875,81,87.37934219906535,0.04,4,0
5876,40,288.84146225162044,0.04,7,0
5877,68,364.1153555938848,0.32,24,1
5878,84,317.58901069069884,0.01,6,0
5879,128,297.4194661420156,0.02,6,0
5880,128,100.05886453572111,0.04,1,0
5881,109,339.270937908633,0.01,7,0
5882,143,331.39050118006156,0.0,1,0
5883,79,7.3406917627035515,0.02,6,0
5884,35,13.073370146817666,0.05,8,1
5885,77,323.85922643733227,0.08,5,0
5886,88,274.0523716267838,0.01,6,0
5887,107,178.05228100195257,0.03,4,0
5888,87,102.06055113903648,0.04,1,0
5889,117,146.11775808516168,0.03,1,0
5890,26,13.115062989247724,0.04,6,0
5891,130,17.425497088844523,0.01,6,0
5892,107,287.96372818166583,0.05,0,0
5893,110,303.26769230173124,0.02,5,0
5894,73,23.502600263589443,0.07,1,0
5895,30,27.692307844877234,0.02,24,1
5896,90,345.2972655818642,0.01,5,0
5897,9,29.10676341386187,0.2,5,0
5898,8,11.822416394443568,0.02,0,0
5899,88,209.42951224870848,0.02,5,0
5900,118,366.2675549750701,0.05,0,0
5901,125,349.08551476876767,0.01,1,0
5902,2,35.21898352649262,0.01,7,0
5903,131,36.20043404381001,0.02,3,0
5904,93,196.53083202288374,0.04,7,0
5905,77,285.22850482158753,0.05,6,0
5906,94,184.65242685311884,0.05,4,0
5907,51,496.3355846279909,0.03,0,0
5908,61,324.04446749425455,0.03,6,0
5909,70,198.8779795560141,0.07,5,0
5910,50,21.853542787278585,0.05,4,0
5911,102,261.731536235156,0.02,2,0
5912,126,132.95204651525037,0.22,14,1
5913,24,25.768290674470975,0.02,1,0
5914,112,282.353965724049,0.01,7,0
5915,141,57.206703526045665,0.01,1,0
5916,95,359.93937703212777,0.02,7,0
5917,125,101.69179358224773,0.0,7,0
5918,44,198.33565446436796,0.12,0,0
5919,2,28.989312671371806,0.02,6,0
5920,43,43.93589287226229,0.01,11,1
5921,63,245.22514640240882,0.01,6,0
5922,80,392.29446977216804,0.35,9,1
5923,57,401.7029248686136,0.02,1,0
5924,26,26.283515500312916,0.04,21,1
5925,75,347.31180218418586,0.02,6,0
5926,33,8.821435943863056,0.03,0,0
5927,2,23.094963150528546,0.03,20,1
5928,40,14.236799782465809,0.03,19,1
5929,104,96.88493124031456,0.29,30,1
5930,125,23.75937984249001,0.03,4,0
5931,146,252.2264980240227,0.02,0,0
5932,103,90.39436744384204,0.02,0,0
5933,5,41.567866003429984,0.01,4,0
5934,23,8.724474891842151,0.03,17,1
5935,103,24.15224090848952,0.03,5,0
5936,36,9.546960185233104,0.0,7,0
5937,53,74.03779430670846,0.23,26,1
5938,18,20.411643279529066,0.03,17,1
5939,136,7.503317759132477,0.02,2,0
5940,27,36.96286839158489,0.06,29,1
5941,52,219.1491309253431,0.04,5,0
5942,42,132.3939691282747,0.02,1,0
5943,56,324.4856226185646,0.01,2,0
5944,90,420.3490886139636,0.04,4,0
5945,30,14.046994828376521,0.05,26,1
5946,149,440.70019951945886,0.04,0,0
5947,114,24.805997237320046,0.04,7,0
5948,81,146.94186901344764,0.04,4,0
5949,38,49.96668279732314,0.01,16,1
5950,68,398.232797794678,0.01,4,0
5951,8,30.783268887642667,0.04,25,1
5952,12,18.74589035885115,0.04,29,1
5953,65,41.83310252116766,0.01,2,0
5954,147,8.290586242395808,0.01,1,0
5955,129,75.38571740009681,0.04,5,0
5956,139,497.7240353328501,0.01,1,0
5957,2,21.80749833520004,0.0,23,1
5958,138,28.10962212724868,0.21,21,1
5959,10,30.601480406475183,0.03,2,0
5960,38,24.888604335563628,0.03,23,1
5961,31,12.473538372206733,0.01,19,1
5962,77,328.83247189469495,0.17,5,0
5963,40,88.1552131650826,0.05,4,0
5964,125,39.79769148656661,0.01,7,0
5965,32,37.35849913896939,0.04,21,1
5966,24,44.316526256834116,0.07,2,0
5967,9,47.65801585778703,0.01,5,0
5968,40,35.37978972181796,0.01,3,0
5969,23,47.76088947776798,0.05,7,0
5970,21,48.13548527098264,0.04,6,0
5971,71,239.03786932338812,0.03,5,0
5972,134,157.11559398186512,0.04,7,0
5973,122,293.0497287869322,0.28,19,1
5974,62,423.36105861902485,0.02,3,0
5975,26,13.936137913889363,0.01,19,1
5976,42,243.21327456571575,0.05,0,0
5977,145,40.70638188908752,0.05,0,0
5978,98,487.47208222832813,0.01,2,0
5979,128,432.5713235453935,0.23,27,1
5980,85,41.24082851791525,0.03,7,0
5981,81,114.82147278588559,0.04,0,0
5982,46,282.80054325082074,0.01,2,0
5983,26,5.2249796223370435,0.04,4,0
5984,50,11.053622085513048,0.01,10,1
5985,16,49.70556126945757,0.04,5,0
5986,41,48.90299937720356,0.04,12,1
5987,130,52.467197275280284,0.02,4,0
5988,12,22.590468390146768,0.03,22,1
5989,135,41.57505297750973,0.01,4,0
5990,126,30.549917067929606,0.01,5,0
5991,13,13.907180874347498,0.03,23,1
5992,38,11.738354104549085,0.05,15,1
5993,34,28.804897677093305,0.04,26,1
5994,109,194.81018526029854,0.02,3,0
5995,50,349.757313354898,0.01,6,0
5996,56,334.19798275203755,0.38,10,1
5997,23,32.78141557729869,0.03,27,1
5998,57,285.9322839085803,0.01,5,0
5999,125,351.2470753101001,0.0,4,0
6000,5,21.031402061190533,0.04,18,1
6001,37,12.456480472479342,0.02,5,0
6002,18,12.426281815846508,0.02,20,1
6003,72,115.76030006354381,0.18,4,0
6004,86,121.40370786185687,0.01,4,0
6005,23,39.230067560753845,0.38,29,1
6006,83,295.49815463594587,0.04,4,0
6007,100,89.83912001766285,0.09,7,0
6008,67,476.50352632341935,0.02,5,0
6009,49,237.19855321668143,0.0,7,0
6010,77,367.332269589729,0.04,1,0
6011,121,33.83417272423445,0.01,1,0
6012,87,167.0930565712483,0.01,5,0
6013,56,125.08923818668379,0.04,2,0
6014,140,357.44253694210863,0.02,7,0
6015,85,51.10411649665321,0.0,6,0
6016,96,459.1995129305007,0.03,5,0
6017,16,30.928657212444886,0.03,25,1
6018,133,262.89423238503014,0.01,7,0
6019,20,21.74584187138786,0.03,4,0
6020,129,35.428729635679375,0.05,1,0
6021,16,28.907510737924692,0.02,4,0
6022,149,305.9199833812318,0.27,27,1
6023,62,215.773320142265,0.01,6,0
6024,79,40.582214490083224,0.01,2,0
6025,43,37.098534072769326,0.01,27,1
6026,95,63.55846161832436,0.0,2,0
6027,121,12.96282223359146,0.03,6,0
6028,57,435.3346876345659,0.11,3,0
6029,73,39.27839924681336,0.04,1,0
6030,147,7.813968843852448,0.02,1,0
6031,8,35.19143031430798,0.01,14,1
6032,73,103.68533808581503,0.04,4,0
6033,10,36.452212787599876,0.02,17,1
6034,53,36.62609071143413,0.03,0,0
6035,85,480.25196320035496,0.0,4,0
6036,68,125.52409497370796,0.0,4,0
6037,87,267.98726946909903,0.04,3,0
6038,27,10.554045051966238,0.01,28,1
6039,75,173.87502249065653,0.04,0,0
6040,46,32.1700692959529,0.04,6,0
6041,108,394.70355251780614,0.03,6,0
6042,74,91.14781207684995,0.01,7,0
6043,124,348.16437540673286,0.02,6,0
6044,39,19.011081643068103,0.0,24,1
6045,128,474.19204929634463,0.01,3,0
6046,143,228.76423108077503,0.03,5,0
6047,51,55.53692361798169,0.04,6,0
6048,54,307.966394610368,0.02,2,0
6049,28,37.22336213747984,0.0,22,1
6050,43,215.9085509336777,0.01,3,0
6051,38,6.081112709614054,0.02,7,0
6052,115,231.3883387768843,0.03,1,0
6053,75,14.786815329992432,0.01,6,0
6054,27,28.356315654228396,0.01,9,1
6055,63,41.85285226321652,0.01,5,0
6056,51,404.49330642562893,0.13,0,0
6057,87,271.70997775694974,0.24,30,1
6058,69,292.9549901205804,0.02,4,0
6059,32,29.5683367444587,0.01,20,1
6060,81,161.8919065379809,0.04,0,0
6061,18,23.575822829343082,0.02,8,1
6062,141,289.8751202025365,0.04,0,0
6063,13,38.06485891528634,0.04,6,0
6064,49,31.65814588984069,0.02,25,1
6065,121,48.524308164341974,0.36,21,1
6066,62,274.9845143819278,0.04,1,0
6067,17,14.24818715927235,0.38,28,1
6068,43,18.02286671739273,0.03,5,0
6069,83,497.68224062521585,0.03,0,0
6070,47,30.354026242073733,0.01,18,1
6071,62,30.107139346725116,0.0,6,0
6072,89,13.184883001802019,0.02,1,0
6073,115,356.24711280330905,0.03,1,0
6074,96,491.2412513267681,0.1,7,0
6075,34,36.01036703398697,0.01,20,1
6076,107,22.059921435361314,0.01,4,0
6077,89,378.71127809359734,0.0,4,0
6078,66,275.8882784726617,0.01,7,0
6079,60,319.430756755216,0.38,19,1
6080,121,16.849060754145007,0.04,5,0
6081,97,175.325767672257,0.02,0,0
6082,65,200.6161833252675,0.0,3,0
6083,102,84.72409423276392,0.04,0,0
6084,53,138.66880248466822,0.03,0,0
6085,51,275.7607740980842,0.01,7,0
6086,99,194.92607980909594,0.19,1,0
6087,52,236.38546450157838,0.26,16,1
6088,52,65.66158587181829,0.33,28,1
6089,143,22.601940604062797,0.04,3,0
6090,143,235.76999071443853,0.05,7,0
6091,46,31.149372375319448,0.04,2,0
6092,137,9.257307567535511,0.2,21,1
6093,59,84.80144762675728,0.04,6,0
6094,131,40.805960374515976,0.11,3,0
6095,121,261.11998821658494,0.02,7,0
6096,2,22.02857704625843,0.1,7,0
6097,18,39.00333558095333,0.0,10,1
6098,128,44.18520061164061,0.03,4,0
6099,48,21.913645868642732,0.03,3,0
6100,29,8.19249962520083,0.04,12,1
6101,60,338.0902136190718,0.38,12,1
6102,88,112.99882004038629,0.1,4,0
6103,24,35.66746593472871,0.02,14,1
6104,139,440.01671851781754,0.22,16,1
6105,46,39.112534875970816,0.03,27,1
6106,33,7.203665151148534,0.02,7,0
6107,48,316.4868106485336,0.04,6,0
6108,15,42.90994462386293,0.03,16,1
6109,50,17.684870076861493,0.03,19,1
6110,72,276.0446746883708,0.04,7,0
6111,140,296.9871142989308,0.04,4,0
6112,110,36.33922881693654,0.03,5,0
6113,108,489.6879827640047,0.04,0,0
6114,77,13.414594913245752,0.01,5,0
6115,66,357.2534688006006,0.01,5,0
6116,71,39.21384156011514,0.04,4,0
6117,92,254.956005552165,0.04,1,0
6118,85,42.75980674523241,0.03,1,0
6119,131,81.37329128322779,0.02,6,0
6120,103,316.59782966978065,0.02,3,0
6121,49,390.3433808289737,0.04,0,0
6122,73,317.16765993586097,0.04,0,0
6123,150,357.6337968247952,0.25,10,1
6124,17,24.865547626274502,0.05,28,1
6125,6,9.01777825878996,0.05,18,1
6126,123,26.709845417154842,0.01,3,0
6127,136,29.96104003815765,0.05,6,0
6128,88,399.9263357698928,0.02,2,0
6129,104,261.39185281086736,0.02,6,0
6130,101,45.47918054274614,0.05,0,0
6131,116,399.17922074740187,0.02,5,0
6132,123,232.58229176768032,0.35,26,1
6133,54,24.414248086870973,0.04,2,0
6134,141,442.21100531680645,0.03,0,0
6135,82,49.54705494095945,0.24,20,1
6136,20,19.211938420285435,0.04,2,0
6137,118,122.85435176533362,0.0,0,0
6138,19,31.031952693506444,0.0,5,0
6139,48,23.000679247890385,0.31,12,1
6140,142,11.162494140302602,0.02,4,0
6141,80,167.22680713159195,0.01,6,0
6142,15,32.462634493894925,0.03,2,0
6143,122,101.09758412990011,0.03,2,0
6144,84,406.4402668609584,0.04,7,0
6145,149,486.3417132961022,0.05,7,0
6146,126,6.5884004480908835,0.39,11,1
6147,3,21.58313741761267,0.04,29,1
6148,50,491.4363677928323,0.02,7,0
6149,42,12.059616445100762,0.02,27,1
6150,40,18.001558821872027,0.02,5,0
6151,50,49.8904387511545,0.02,5,0
6152,74,44.03289767385246,0.02,1,0
6153,149,33.05154922708216,0.03,5,0
6154,78,18.869921716219473,0.03,7,0
6155,93,396.19330942103534,0.02,1,0
6156,26,32.524390389276036,0.05,6,0
6157,90,40.418161522946185,0.02,1,0
6158,132,484.2952175860822,0.01,3,0
6159,146,107.51397491036737,0.0,6,0
6160,70,107.55061997346749,0.35,18,1
6161,21,41.28769150136028,0.03,24,1
6162,42,411.13131497718285,0.02,4,0
6163,57,161.10073507634476,0.03,2,0
6164,97,408.9152826168471,0.05,6,0
6165,105,21.996392985974627,0.12,0,0
6166,63,51.43164805469609,0.28,27,1
6167,69,404.28866689982647,0.04,3,0
6168,125,13.675497464120394,0.01,1,0
6169,81,428.16306740425324,0.01,3,0
6170,126,352.2313788701333,0.02,3,0
6171,51,40.356523411561206,0.0,3,0
6172,72,434.05904266248353,0.19,1,0
6173,48,397.96882130328896,0.02,0,0
6174,41,57.03582457509992,0.02,5,0
6175,69,442.9813456817367,0.09,0,0
6176,8,11.623081286464643,0.0,7,0
6177,129,128.8417409588646,0.0,6,0
6178,37,18.278247622615883,0.05,0,0
6179,58,120.21074493161866,0.0,7,0
6180,86,108.8668878432257,0.01,4,0
6181,103,124.78067559831894,0.1,2,0
6182,26,29.88761900374439,0.03,15,1
6183,107,237.44146729763244,0.04,7,0
6184,70,494.34953334519713,0.03,0,0
6185,109,63.8077498484034,0.01,5,0
6186,136,50.04293150234054,0.1,1,0
6187,70,310.5622285398779,0.04,0,0
6188,149,79.23502145666632,0.07,3,0
6189,128,404.34965015076256,0.02,1,0
6190,139,274.4589801276478,0.01,0,0
6191,82,34.45868867916204,0.0,2,0
6192,18,49.11249537395318,0.02,3,0
6193,42,28.307791372917958,0.02,0,0
6194,64,375.5597385126175,0.04,7,0
6195,108,145.96789822955026,0.07,6,0
6196,70,49.83706469164055,0.02,2,0
6197,107,10.795087113031464,0.01,3,0
6198,95,137.99341082873048,0.3,14,1
6199,89,176.24572559208434,0.02,2,0
6200,133,55.30656806569697,0.04,4,0
6201,2,44.45032311512131,0.09,23,1
6202,39,41.73004518617789,0.0,28,1
6203,150,356.62255963205223,0.01,6,0
6204,8,16.304071772738286,0.01,29,1
6205,13,29.413910814852937,0.04,0,0
6206,34,28.69875338580327,0.03,29,1
6207,100,382.20495056028363,0.39,23,1
6208,35,20.932265739332685,0.05,12,1
6209,79,12.952433991877971,0.36,29,1
6210,52,167.31118107594028,0.04,4,0
6211,33,22.042909489660428,0.04,25,1
6212,73,35.10463332223125,0.02,7,0
6213,58,104.13124195711995,0.03,4,0
6214,120,34.481019584112396,0.05,4,0
6215,106,25.410260280566753,0.07,4,0
6216,37,15.978855223752477,0.0,20,1
6217,98,91.27100341199198,0.0,6,0
6218,109,48.554637971275305,0.24,10,1
6219,41,455.50619798995484,0.01,1,0
6220,53,407.2107675969945,0.0,6,0
6221,6,34.27368665447513,0.01,15,1
6222,56,245.89574554360377,0.01,4,0
6223,22,38.98497902496606,0.04,7,0
6224,107,451.832147342688,0.05,1,0
6225,61,38.00816837880884,0.01,5,0
6226,42,478.84380449438106,0.04,5,0
6227,51,20.28262105046837,0.03,6,0
6228,110,420.2771118484394,0.01,6,0
6229,43,46.867905575556854,0.0,24,1
6230,97,26.59705823463134,0.01,6,0
6231,15,16.823444941261123,0.26,10,1
6232,20,11.331767764582509,0.05,29,1
6233,24,13.361695654292179,0.24,9,1
6234,149,341.70505333984676,0.03,5,0
6235,43,17.883014754518065,0.01,3,0
6236,44,366.27769762582255,0.04,1,0
6237,23,16.099910773781772,0.03,9,1
6238,133,15.350136340234867,0.33,9,1
6239,121,200.35446577873176,0.01,5,0
6240,121,177.73022364664604,0.04,2,0
6241,136,469.16805195570475,0.03,5,0
6242,34,48.98997172206544,0.03,24,1
6243,148,13.501295330305982,0.05,3,0
6244,50,8.652310416259745,0.01,17,1
6245,109,306.0225747243465,0.02,4,0
6246,44,468.36262654420807,0.05,2,0
6247,46,37.11666534038749,0.04,27,1
6248,41,410.074038382102,0.0,2,0
6249,43,10.109758627229523,0.03,22,1
6250,99,187.2270986869181,0.01,1,0
6251,96,159.3780175651168,0.2,5,0
6252,80,435.75710599268734,0.05,5,0
6253,126,17.072987663580186,0.04,4,0
6254,54,370.0825645710528,0.04,0,0
6255,142,21.232294655406864,0.06,5,0
6256,44,14.544964634942998,0.04,2,0
6257,24,43.757361635809616,0.01,12,1
6258,40,27.302595882567402,0.17,17,1
6259,30,16.3738760290548,0.03,30,1
6260,150,104.01565025940127,0.01,1,0
6261,64,35.5152756318617,0.02,7,0
6262,45,39.01476733042556,0.01,5,0
6263,10,8.005160862398583,0.04,6,0
6264,56,90.70731190018697,0.01,5,0
6265,36,14.35899105312593,0.39,21,1
6266,98,266.86048267203535,0.03,3,0
6267,66,25.433605400421868,0.03,4,0
6268,148,377.5102897440855,0.27,22,1
6269,35,10.72926120660149,0.02,11,1
6270,74,412.53861999485264,0.03,7,0
6271,28,30.99207790632981,0.04,21,1
6272,60,28.646710442813806,0.04,3,0
6273,23,8.045168602842146,0.03,23,1
6274,62,489.22285806382064,0.02,1,0
6275,135,140.54763350322213,0.02,0,0
6276,87,20.79953146835117,0.1,7,0
6277,127,175.95639789588782,0.11,0,0
6278,29,43.63736944065654,0.04,2,0
6279,47,42.841821710688855,0.02,2,0
6280,46,29.86896556373906,0.03,6,0
6281,97,305.8760532465159,0.04,2,0
6282,52,37.08442850293203,0.02,2,0
6283,27,18.53093387287949,0.04,13,1
6284,26,37.23741283121477,0.03,2,0
6285,101,375.0300656204815,0.0,0,0
6286,24,10.568282528306817,0.04,14,1
6287,64,436.60425606540304,0.02,6,0
6288,38,30.226265389788352,0.1,3,0
6289,41,211.61384087299814,0.03,7,0
6290,66,190.1374024276008,0.02,3,0
6291,45,7.366676129405251,0.01,7,0
6292,11,39.72150249600824,0.04,2,0
6293,33,11.144187914606622,0.02,4,0
6294,30,10.78010653126506,0.07,0,0
6295,2,44.61165094662802,0.0,2,0
6296,116,238.98027749444327,0.01,7,0
6297,20,39.80758347198527,0.36,24,1
6298,121,289.5583115562786,0.04,1,0
6299,52,229.81480345208706,0.02,2,0
6300,39,29.26157746948032,0.37,29,1
6301,142,40.38389511418902,0.02,0,0
6302,146,57.41908468944774,0.04,3,0
6303,50,17.89077042142484,0.12,6,0
6304,79,387.27199024557694,0.03,1,0
6305,37,40.32571876250501,0.14,7,0
6306,109,368.4583572938202,0.04,1,0
6307,105,111.36853494318026,0.09,3,0
6308,105,465.1874187451704,0.0,6,0
6309,114,11.887555162498717,0.02,6,0
6310,82,459.96720577452567,0.04,1,0
6311,132,249.32748316676822,0.01,5,0
6312,118,253.35688378714187,0.04,5,0
6313,112,90.0662527519705,0.03,6,0
6314,57,12.542588561275105,0.05,4,0
6315,125,181.62183843854402,0.05,4,0
6316,18,49.336267931770415,0.03,15,1
6317,44,157.11494101571074,0.06,1,0
6318,5,25.3006087780208,0.0,23,1
6319,82,103.78285162516895,0.18,0,0
6320,55,372.03413917765647,0.03,2,0
6321,10,29.94399932737282,0.01,26,1
6322,49,21.42643529743709,0.02,3,0
6323,144,80.71573714720111,0.0,0,0
6324,18,40.84544858666755,0.04,6,0
6325,88,293.1038895110363,0.14,4,0
6326,29,43.4275469711911,0.03,11,1
6327,147,66.63794759655745,0.02,2,0
6328,36,31.459053464048957,0.0,1,0
6329,121,40.05286016638902,0.01,6,0
6330,28,25.78868904620893,0.02,19,1
6331,25,18.419829979624843,0.01,11,1
6332,100,100.55804116601499,0.04,0,0
6333,23,26.108818286853076,0.01,30,1
6334,86,57.37176829334812,0.27,9,1
6335,60,177.86384194601024,0.34,30,1
6336,143,94.49113780679602,0.03,7,0
6337,108,396.4505405656912,0.03,4,0
6338,77,199.3860103884281,0.18,6,0
6339,136,21.465484177124445,0.02,6,0
6340,131,59.377243004262795,0.01,0,0
6341,49,5.100711704974005,0.03,22,1
6342,116,39.436294409166024,0.04,1,0
6343,12,45.11255139405973,0.3,11,1
6344,45,13.848892555232554,0.02,11,1
6345,5,45.840371317269614,0.01,9,1
6346,5,43.258179923948774,0.04,28,1
6347,44,7.137179973496842,0.03,4,0
6348,1,35.93044070612588,0.01,15,1
6349,9,40.41679912937111,0.05,27,1
6350,59,307.77939683682854,0.0,3,0
6351,42,28.872535761314232,0.0,29,1
6352,33,23.013098562838127,0.03,13,1
6353,13,45.00989842929351,0.02,27,1
6354,9,44.81975149204028,0.03,8,1
6355,88,369.01967167701076,0.02,5,0
6356,16,12.283714172256154,0.03,8,1
6357,103,43.06041265768783,0.02,7,0
6358,74,33.68543194201338,0.05,3,0
6359,58,98.54452379540004,0.03,3,0
6360,66,413.77198127105413,0.03,6,0
6361,86,79.67775412081028,0.01,6,0
6362,102,52.09930948355844,0.03,7,0
6363,40,173.57940947328905,0.02,7,0
6364,64,282.6349053433378,0.0,5,0
6365,105,28.433716591135283,0.01,5,0
6366,64,471.99183944480944,0.04,3,0
6367,79,68.68406114673408,0.04,2,0
6368,27,35.3104915192435,0.04,23,1
6369,74,244.3663618400193,0.0,4,0
6370,27,24.766382701002353,0.02,1,0
6371,83,317.3281526924903,0.01,0,0
6372,40,42.110563261842024,0.02,19,1
6373,140,273.8476899917022,0.01,7,0
6374,45,22.458853115030468,0.0,5,0
6375,15,17.037694077860326,0.0,9,1
6376,94,163.81787169743433,0.0,3,0
6377,96,422.6888299860904,0.11,7,0
6378,25,19.133385820760346,0.04,5,0
6379,44,7.159811944854681,0.03,16,1
6380,11,15.223986072018306,0.05,10,1
6381,135,128.68632312157933,0.0,5,0
6382,29,10.181847953227958,0.01,3,0
6383,134,68.7219093225548,0.05,5,0
6384,130,43.01113236682829,0.02,3,0
6385,72,43.6798397973337,0.05,3,0
6386,14,39.905185242705414,0.01,7,0
6387,140,481.4876409959077,0.04,6,0
6388,43,16.451545083311487,0.01,17,1
6389,81,350.97595613025874,0.02,0,0
6390,88,238.87530054251772,0.02,7,0
6391,135,17.920900716391476,0.04,6,0
6392,150,225.84616348223688,0.01,2,0
6393,115,248.81623687139628,0.05,7,0
6394,54,214.3593711176751,0.02,5,0
6395,4,9.25802304182574,0.2,25,1
6396,31,18.928276857454964,0.01,15,1
6397,17,12.410156024654569,0.03,28,1
6398,47,49.05554142803153,0.01,3,0
6399,122,277.85336095735966,0.03,2,0
6400,27,40.95346155099261,0.04,29,1
6401,109,216.57372516312927,0.02,3,0
6402,46,32.46806669592077,0.03,0,0
6403,89,308.0103171788963,0.02,6,0
6404,41,196.4178185001676,0.05,0,0
6405,66,43.509706456836746,0.04,3,0
6406,67,38.78218862663191,0.03,6,0
6407,79,155.8838223659065,0.04,5,0
6408,20,18.315072158266926,0.2,27,1
6409,99,439.0954731179014,0.04,4,0
6410,77,335.34970503587186,0.02,3,0
6411,65,396.3196374064731,0.18,0,0
6412,18,6.284394095328684,0.04,14,1
6413,43,195.7763291243772,0.04,7,0
6414,120,48.939906263162875,0.01,4,0
6415,45,33.28680911660105,0.01,4,0
6416,50,302.89239538713,0.01,3,0
6417,149,301.051556862295,0.04,2,0
6418,41,31.25195056153165,0.15,1,0
6419,30,25.81129789804157,0.04,21,1
6420,83,350.02349762934244,0.03,0,0
6421,87,133.80764629725337,0.33,16,1
6422,60,238.44112139890524,0.18,3,0
6423,4,29.22369470114528,0.05,1,0
6424,19,19.756163839392016,0.03,19,1
6425,35,42.63065733981315,0.24,24,1
6426,41,71.49996101863812,0.01,1,0
6427,37,40.31864840090991,0.03,7,0
6428,14,19.702865397410697,0.02,25,1
6429,136,66.0165557206558,0.01,6,0
6430,70,34.7292035463861,0.03,3,0
6431,138,81.77894394231745,0.38,23,1
6432,53,62.63048546197458,0.01,5,0
6433,47,47.062066473600986,0.24,17,1
6434,22,7.540168942310025,0.01,6,0
6435,123,354.7026467337531,0.14,2,0
6436,84,123.14189394516534,0.03,4,0
6437,89,271.13765344781564,0.0,6,0
6438,33,40.13023169077947,0.05,2,0
6439,124,7.312265037365293,0.01,1,0
6440,109,43.34348445034744,0.23,28,1
6441,85,15.735581669840737,0.02,5,0
6442,89,149.1508645003712,0.39,19,1
6443,116,8.801180474979862,0.04,4,0
6444,128,100.17298276058847,0.01,3,0
6445,125,464.93596393691416,0.03,3,0
6446,117,94.83758530799939,0.01,5,0
6447,88,23.63398919961127,0.03,2,0
6448,27,47.80434003058634,0.05,8,1
6449,16,46.790646365386415,0.01,28,1
6450,110,59.2386796706824,0.04,7,0
6451,110,351.2205581420531,0.03,6,0
6452,48,413.47765524302446,0.02,6,0
6453,30,17.816297364381185,0.01,6,0
6454,55,476.61715398081543,0.02,6,0
6455,48,16.87294141704232,0.01,23,1
6456,85,152.9272024642064,0.02,0,0
6457,15,8.524622804775401,0.3,21,1
6458,135,327.7657195129306,0.05,6,0
6459,68,372.1641681183802,0.04,1,0
6460,7,12.619258511801924,0.11,23,1
6461,35,35.841377739688475,0.04,9,1
6462,35,13.702347635380246,0.05,29,1
6463,142,33.47713916150527,0.01,6,0
6464,44,42.62920613079752,0.03,10,1
6465,5,31.07666780429023,0.04,10,1
6466,70,347.38207427788325,0.04,2,0
6467,93,261.4241605037589,0.08,1,0
6468,87,170.54484447520346,0.01,0,0
6469,45,37.09050264869887,0.0,25,1
6470,62,94.38842511833421,0.04,0,0
6471,52,444.09030972063186,0.03,2,0
6472,37,46.11772617754836,0.1,15,1
6473,70,456.62186595514277,0.04,2,0
6474,13,46.42348264376731,0.03,12,1
6475,33,41.0061136381978,0.04,22,1
6476,87,461.0918764182188,0.0,1,0
6477,40,49.635648836338376,0.01,28,1
6478,66,71.28223016592045,0.05,1,0
6479,130,413.51073512697815,0.05,7,0
6480,138,461.2653396993091,0.01,2,0
6481,49,47.029391583050646,0.02,28,1
6482,101,30.14715630445757,0.01,7,0
6483,54,68.1083372677563,0.23,30,1
6484,87,474.5048571870591,0.03,7,0
6485,30,48.42084801631904,0.01,19,1
6486,1,33.55471338295443,0.01,30,1
6487,35,25.186189879814375,0.0,2,0
6488,74,41.27545870284135,0.02,3,0
6489,67,12.373229198619544,0.03,6,0
6490,105,37.606827464786,0.33,20,1
6491,107,493.5073037966035,0.03,6,0
6492,128,6.993223012401283,0.05,2,0
6493,19,47.84208574077574,0.01,10,1
6494,45,45.86054726472103,0.02,23,1
6495,9,36.77771418090087,0.03,6,0
6496,45,44.97000459300374,0.04,6,0
6497,74,287.94660863376225,0.03,2,0
6498,29,47.866639173814335,0.05,23,1
6499,8,46.38977043046474,0.01,15,1
6500,18,8.462346996831966,0.17,25,1
6501,115,8.637526671100122,0.01,2,0
6502,60,44.09559075314914,0.03,0,0
6503,135,68.92510871610015,0.03,5,0
6504,83,19.389703389394008,0.14,3,0
6505,127,55.152284489716266,0.02,7,0
6506,50,15.911587106731329,0.05,20,1
6507,64,329.26435345848665,0.03,1,0
6508,76,29.510700793784103,0.05,0,0
6509,145,332.57662697668763,0.03,6,0
6510,41,45.1400591255064,0.11,5,0
6511,22,23.497538282439795,0.02,13,1
6512,1,13.976760518124077,0.0,15,1
6513,45,106.92476558123283,0.18,0,0
6514,138,119.37641368225296,0.01,6,0
6515,41,389.73628523907763,0.17,4,0
6516,104,69.0084171011423,0.05,6,0
6517,38,45.12524146650309,0.02,21,1
6518,60,46.38511905249661,0.3,26,1
6519,63,265.20000985847435,0.22,15,1
6520,86,29.828529797077593,0.01,0,0
6521,84,449.0426226494262,0.03,5,0
6522,119,37.9131369226969,0.0,6,0
6523,146,24.403590110190347,0.25,10,1
6524,40,28.945771186182178,0.0,12,1
6525,75,133.55566796692648,0.03,7,0
6526,42,19.008963149696026,0.02,7,0
6527,78,174.18964411470614,0.04,2,0
6528,99,21.03460239295657,0.0,3,0
6529,116,24.65740056804154,0.02,5,0
6530,124,366.4168097997303,0.02,1,0
6531,44,14.333574962354904,0.1,3,0
6532,145,42.07723099598723,0.04,5,0
6533,42,31.202477042935534,0.02,2,0
6534,137,317.0885301272361,0.0,2,0
6535,126,241.3504103126903,0.03,7,0
6536,40,47.1280153245603,0.03,13,1
6537,41,91.8552879401429,0.35,23,1
6538,34,21.27175070825958,0.19,7,0
6539,140,197.55808130801736,0.02,4,0
6540,42,19.232525829513317,0.02,27,1
6541,80,315.38860503143513,0.02,6,0
6542,131,445.4092522680748,0.04,5,0
6543,99,8.393811241469551,0.01,6,0
6544,97,136.41677216584753,0.14,2,0
6545,36,38.8981460478685,0.04,17,1
6546,16,35.62963287788679,0.01,4,0
6547,20,23.090423188385046,0.01,18,1
6548,2,42.73081431781117,0.12,23,1
6549,7,14.412688898203646,0.04,25,1
6550,84,135.18182735383093,0.03,5,0
6551,146,33.30377751300828,0.01,2,0
6552,43,31.29737929115832,0.0,4,0
6553,78,232.07023161358185,0.04,6,0
6554,130,256.42888939824877,0.01,5,0
6555,101,25.343268689149152,0.09,6,0
6556,90,31.349176739690733,0.01,6,0
6557,135,152.14708644171208,0.02,5,0
6558,91,219.6602166868669,0.03,1,0
6559,69,476.93593404863583,0.01,7,0
6560,30,42.63961586544861,0.28,26,1
6561,122,46.96336834849822,0.01,3,0
6562,91,41.8455644759449,0.04,2,0
6563,50,409.4210840247021,0.02,2,0
6564,45,37.78446374372459,0.01,24,1
6565,56,10.60679398447829,0.03,4,0
6566,106,384.53358467718976,0.03,4,0
6567,68,491.11694464703453,0.03,6,0
6568,116,30.833596055124566,0.09,6,0
6569,121,267.91750306738595,0.29,18,1
6570,91,457.04787119271333,0.04,0,0
6571,51,24.361654483991696,0.03,6,0
6572,62,330.98172133506813,0.03,1,0
6573,114,11.491726587770394,0.03,1,0
6574,91,397.85938384238284,0.05,0,0
6575,128,291.97122393771383,0.04,0,0
6576,122,254.33701128928982,0.03,5,0
6577,125,27.214190555264896,0.02,4,0
6578,6,11.355551800481628,0.01,9,1
6579,29,21.49293447083122,0.32,20,1
6580,88,266.29566745390173,0.0,2,0
6581,139,195.1319828378279,0.03,7,0
6582,3,34.55298008608543,0.03,0,0
6583,106,132.95079227185298,0.03,2,0
6584,112,44.68645698020161,0.02,2,0
6585,79,245.49566829770632,0.03,4,0
6586,125,97.69132784334666,0.05,3,0
6587,53,327.03258170217,0.2,15,1
6588,91,24.413495405783003,0.0,1,0
6589,39,42.87304659361944,0.04,10,1
6590,2,24.2367037254544,0.02,15,1
6591,6,39.342090302774906,0.04,2,0
6592,83,487.5115374036902,0.03,4,0
6593,18,6.269890463548258,0.0,19,1
6594,146,276.0650707711632,0.03,2,0
6595,65,188.79519378603166,0.01,1,0
6596,76,464.7228379564347,0.04,3,0
6597,42,47.80485176508361,0.04,2,0
6598,144,175.16677524809688,0.01,1,0
6599,130,280.1835481778005,0.04,7,0
6600,2,15.981766978941863,0.02,24,1
6601,30,17.59599986817826,0.01,17,1
6602,87,242.9839769782111,0.0,5,0
6603,37,22.231737964004203,0.04,17,1
6604,21,19.12989076582108,0.03,30,1
6605,132,320.4276381917558,0.04,7,0
6606,38,45.34986273807617,0.04,6,0
6607,60,373.68909420342027,0.03,3,0
6608,31,43.385602327322246,0.02,20,1
6609,111,330.01100361361307,0.37,16,1
6610,34,47.75628229749894,0.04,5,0
6611,106,287.58387388723395,0.04,7,0
6612,2,22.587689537391693,0.16,24,1
6613,62,457.94165601190844,0.01,3,0
6614,114,277.2369966107482,0.04,5,0
6615,71,48.56694854812722,0.05,6,0
6616,53,312.458986602453,0.01,7,0
6617,109,289.93130180726513,0.03,2,0
6618,100,156.18367103259766,0.22,8,1
6619,115,324.80855251974333,0.04,2,0
6620,42,5.405471313648085,0.16,3,0
6621,97,15.845311155580351,0.02,6,0
6622,42,28.81995074555949,0.03,19,1
6623,13,41.077466088720996,0.02,6,0
6624,64,33.77543978363233,0.12,5,0
6625,88,178.68321722923216,0.03,2,0
6626,54,7.338265986468245,0.01,5,0
6627,49,145.5851978190264,0.11,6,0
6628,44,48.28657236501582,0.0,28,1
6629,27,42.22162694867395,0.0,7,0
6630,40,31.364375736164487,0.01,1,0
6631,41,46.86079999515716,0.03,18,1
6632,121,20.933740420226727,0.03,1,0
6633,25,5.289994510495696,0.0,26,1
6634,22,11.557010019283258,0.01,8,1
6635,37,27.59276898756254,0.12,3,0
6636,15,18.963454573038113,0.04,14,1
6637,44,34.72851491294999,0.08,10,1
6638,144,387.2747055193074,0.0,0,0
6639,134,199.74532444735777,0.11,6,0
6640,105,304.1866719647013,0.01,3,0
6641,22,6.468267059938009,0.02,2,0
6642,59,85.6719083501786,0.04,6,0
6643,91,120.85254987423494,0.05,7,0
6644,17,14.242490092316359,0.05,21,1
6645,53,14.054057276735332,0.05,3,0
6646,19,12.790005557597091,0.23,30,1
6647,137,106.6163649780975,0.02,1,0
6648,130,98.51196725692222,0.0,6,0
6649,70,128.73135390314548,0.23,27,1
6650,46,22.35732699955332,0.02,24,1
6651,98,70.40509588114665,0.02,3,0
6652,8,25.207053600222277,0.03,6,0
6653,54,158.37772121268762,0.01,5,0
6654,42,422.4341489665651,0.04,6,0
6655,135,229.5012868661808,0.26,23,1
6656,33,21.037257303076597,0.03,8,1
6657,57,284.47935159594795,0.05,4,0
6658,17,22.500098431112068,0.03,13,1
6659,11,24.58053748555137,0.01,6,0
6660,28,15.322512700451389,0.03,24,1
6661,97,137.16308903025325,0.03,3,0
6662,49,247.39482991895775,0.3,23,1
6663,120,29.923158778811224,0.11,5,0
6664,125,170.75840825059467,0.01,0,0
6665,107,188.31041500770283,0.01,7,0
6666,33,42.501578667796046,0.02,29,1
6667,119,464.5001652193464,0.2,23,1
6668,89,140.40834115086858,0.01,7,0
6669,57,350.2579379232751,0.05,7,0
6670,69,166.22671922365816,0.01,5,0
6671,62,6.509562192286943,0.02,0,0
6672,75,215.98768019190103,0.01,6,0
6673,67,30.079075235230736,0.01,5,0
6674,29,17.997337241148816,0.05,23,1
6675,11,32.69939172337193,0.02,2,0
6676,128,264.04043048236906,0.03,1,0
6677,42,305.9679254449115,0.02,0,0
6678,110,39.314821587269556,0.03,0,0
6679,117,7.146444241785632,0.0,0,0
6680,3,34.857023070671374,0.02,28,1
6681,57,320.8766915424229,0.03,0,0
6682,12,28.533478221793633,0.36,28,1
6683,130,389.08529635025155,0.02,2,0
6684,25,6.859652294017444,0.26,22,1
6685,85,113.01443549960169,0.04,0,0
6686,65,207.30390110937148,0.03,6,0
6687,80,150.2352057122738,0.03,1,0
6688,98,32.725424562935245,0.05,5,0
6689,112,256.278801773837,0.4,22,1
6690,66,178.06534690539465,0.01,2,0
6691,51,204.37144996248423,0.02,0,0
6692,146,71.83068016176924,0.04,2,0
6693,34,14.537810284077718,0.01,22,1
6694,33,6.863583940081094,0.04,14,1
6695,125,319.8802999438153,0.01,1,0
6696,34,17.271046345231255,0.01,22,1
6697,60,33.37402397560258,0.02,0,0
6698,92,114.09272857668815,0.24,27,1
6699,83,80.35613225649612,0.02,2,0
6700,41,28.38037672892036,0.02,11,1
6701,124,242.25136861559403,0.0,7,0
6702,81,360.3358345713637,0.05,6,0
6703,8,10.656176397847876,0.02,12,1
6704,63,208.26476825313256,0.02,2,0
6705,46,14.422107745063641,0.0,4,0
6706,14,15.629321052687114,0.03,15,1
6707,40,44.05093556557285,0.04,9,1
6708,49,122.73503821504002,0.02,4,0
6709,41,109.2258846107613,0.04,5,0
6710,124,6.039799765478855,0.0,1,0
6711,31,29.03102570689392,0.0,1,0
6712,107,15.490645382896602,0.05,4,0
6713,138,298.4488665829349,0.2,20,1
6714,150,49.549486996270616,0.02,3,0
6715,103,167.0573646203231,0.04,2,0
6716,123,64.42246921733245,0.02,3,0
6717,55,159.46955576637575,0.03,3,0
6718,90,55.063279415220705,0.02,1,0
6719,82,64.0155925089291,0.02,6,0
6720,80,23.737354324808802,0.02,3,0
6721,110,108.59227318902185,0.0,1,0
6722,40,49.283318216564524,0.0,15,1
6723,47,452.3708720771269,0.03,4,0
6724,45,16.43794726828473,0.03,24,1
6725,123,67.94378739070133,0.01,7,0
6726,17,22.805414366062095,0.02,19,1
6727,83,156.15987909497068,0.01,3,0
6728,139,153.07590936611786,0.11,2,0
6729,8,38.97331201947351,0.01,22,1
6730,37,19.530960117412242,0.02,23,1
6731,48,36.344905444363405,0.04,18,1
6732,73,137.06167474694203,0.02,4,0
6733,3,48.316601989016384,0.14,24,1
6734,79,364.8868352196228,0.24,8,1
6735,93,402.55463864686544,0.36,22,1
6736,122,13.512383116360175,0.02,0,0
6737,43,34.681232168158324,0.26,24,1
6738,96,442.53601743834963,0.07,7,0
6739,145,212.39925999657194,0.04,0,0
6740,29,49.530464909243264,0.0,18,1
6741,44,118.46351822340206,0.25,26,1
6742,98,23.419653230747166,0.02,5,0
6743,144,88.16649892299935,0.02,6,0
6744,113,239.94536077457542,0.02,1,0
6745,46,7.4228222940544075,0.02,2,0
6746,49,10.298038058859245,0.02,10,1
6747,41,131.59330990632128,0.03,4,0
6748,42,10.452980966236716,0.0,30,1
6749,21,43.70265628522499,0.04,1,0
6750,78,27.241767857667607,0.04,6,0
6751,123,321.4142001378906,0.04,3,0
6752,96,12.630984275130025,0.03,6,0
6753,52,293.38202065809185,0.02,0,0
6754,3,17.618682628936437,0.02,13,1
6755,45,43.274544602538626,0.05,4,0
6756,112,491.63694237047633,0.02,6,0
6757,143,5.1134425030157855,0.01,7,0
6758,106,444.0752341126887,0.0,2,0
6759,47,36.394968921521,0.04,26,1
6760,100,17.44387717879645,0.01,0,0
6761,43,25.94108605368606,0.0,30,1
6762,44,168.37588279818922,0.03,0,0
6763,45,11.422652730649276,0.04,20,1
6764,105,12.824831544301803,0.01,2,0
6765,37,43.61833904833535,0.05,1,0
6766,42,38.19550486969874,0.05,15,1
6767,49,10.615453395419722,0.03,22,1
6768,61,438.9364848675578,0.01,1,0
6769,39,17.600224617136845,0.01,6,0
6770,124,25.75629782109685,0.0,1,0
6771,38,47.95521481045908,0.04,1,0
6772,117,122.1752934791419,0.01,6,0
6773,11,46.60942657120018,0.02,18,1
6774,126,175.72896973072724,0.02,2,0
6775,93,132.79772843397654,0.11,3,0
6776,83,321.2956673770021,0.02,6,0
6777,76,38.64524186979111,0.13,3,0
6778,88,397.6337305799286,0.04,7,0
6779,45,37.41756636381607,0.19,29,1
6780,12,46.73033140758488,0.01,11,1
6781,43,309.8455475457107,0.03,4,0
6782,88,137.40844818521677,0.01,0,0
6783,40,80.07318262426159,0.23,13,1
6784,98,435.738066062638,0.04,3,0
6785,34,47.568787538463205,0.05,0,0
6786,42,304.52865063154815,0.0,3,0
6787,4,36.457036012542474,0.03,3,0
6788,60,31.33276213305224,0.05,0,0
6789,45,16.259384843779245,0.04,0,0
6790,87,180.63479418686393,0.34,30,1
6791,145,84.92433047108833,0.04,6,0
6792,97,48.073485170217126,0.03,3,0
6793,124,490.9690141230428,0.03,3,0
6794,60,153.8668253929389,0.15,7,0
6795,105,473.722253708045,0.03,2,0
6796,126,67.25783057150636,0.01,5,0
6797,85,315.3492733285888,0.04,4,0
6798,89,251.84400713755554,0.02,7,0
6799,48,119.3854373894897,0.01,1,0
6800,51,312.5734776062606,0.01,2,0
6801,40,246.44597527417176,0.03,5,0
6802,103,149.07690343798515,0.17,4,0
6803,35,43.58272124896106,0.02,21,1
6804,7,32.27286642448465,0.02,7,0
6805,19,33.60183662315287,0.04,7,0
6806,121,432.75707327591454,0.02,3,0
6807,143,197.38534043597508,0.0,7,0
6808,61,14.376854176886216,0.02,5,0
6809,145,21.553816185973787,0.03,2,0
6810,45,157.13470502898116,0.04,4,0
6811,146,238.96536155615544,0.03,4,0
6812,131,384.27730605756966,0.03,3,0
6813,132,192.84372847942743,0.04,4,0
6814,2,47.856160182755836,0.04,29,1
6815,60,125.1331350292389,0.01,6,0
6816,83,32.793849990744114,0.04,3,0
6817,32,35.53599180983714,0.2,13,1
6818,148,47.82052711828142,0.0,7,0
6819,96,34.09654176988646,0.01,6,0
6820,67,286.23907713097424,0.39,8,1
6821,41,404.40117876007787,0.0,7,0
6822,42,442.0900810257084,0.02,0,0
6823,38,15.74491654551134,0.26,30,1
6824,103,86.70934449542835,0.03,2,0
6825,138,431.0932371427485,0.01,4,0
6826,143,136.52288331919675,0.01,2,0
6827,122,467.2663493441706,0.35,17,1
6828,40,34.72837117446232,0.03,22,1
6829,5,38.205689371978565,0.02,20,1
6830,148,180.48661414039663,0.03,2,0
6831,43,260.845309585735,0.05,6,0
6832,130,58.01451115978185,0.04,7,0
6833,8,43.578380491344696,0.38,10,1
6834,32,37.26530557578615,0.02,19,1
6835,126,264.9003393031949,0.03,5,0
6836,112,444.96000861596866,0.0,2,0
6837,55,24.363226873867823,0.05,5,0
6838,150,32.30630498657854,0.02,4,0
6839,37,8.113974282166518,0.1,10,1
6840,129,240.3038083303137,0.02,6,0
6841,11,6.3439103160656725,0.02,13,1
6842,146,43.74126522051832,0.05,1,0
6843,97,103.58619506921642,0.04,5,0
6844,7,11.612580121708453,0.04,5,0
6845,48,31.336184885441526,0.13,28,1
6846,86,8.17467229339521,0.03,4,0
6847,134,61.26535583992194,0.12,0,0
6848,112,9.454470100482789,0.01,2,0
6849,92,5.098359708214772,0.35,8,1
6850,14,24.96785976539639,0.04,29,1
6851,10,29.858799511619463,0.05,7,0
6852,123,325.28940341768094,0.05,2,0
6853,61,25.41216324835638,0.24,29,1
6854,53,177.6865093877583,0.04,4,0
6855,19,38.36829606893917,0.03,26,1
6856,124,448.47790887263363,0.04,0,0
6857,92,200.58758559372814,0.0,2,0
6858,19,39.064252140467396,0.02,15,1
6859,148,383.45286260071134,0.02,5,0
6860,57,334.8380916001313,0.02,5,0
6861,17,39.05290250999099,0.04,18,1
6862,110,405.0611260376477,0.03,0,0
6863,135,33.146058594868265,0.03,5,0
6864,96,377.20409689346405,0.04,0,0
6865,127,225.3564390705264,0.02,6,0
6866,98,49.137793098294225,0.02,1,0
6867,89,301.08202638226714,0.05,0,0
6868,33,38.30816504087716,0.01,3,0
6869,115,38.44996481598104,0.0,1,0
6870,27,5.503572212247858,0.05,30,1
6871,69,457.1268776520881,0.03,7,0
6872,55,6.440921834272742,0.05,0,0
6873,129,20.38019656395756,0.03,0,0
6874,111,43.30231846861196,0.0,6,0
6875,142,376.7513029116564,0.12,1,0
6876,98,45.18106682546208,0.03,5,0
6877,20,47.38279510818781,0.04,28,1
6878,50,49.35494557634644,0.04,7,0
6879,6,7.02044948886766,0.02,21,1
6880,97,15.611043098036985,0.21,19,1
6881,85,224.10728427529511,0.03,7,0
6882,108,11.002799396574673,0.02,3,0
6883,92,242.96742784626508,0.01,5,0
6884,122,7.2840504904655585,0.01,3,0
6885,64,5.489923380658846,0.01,6,0
6886,80,10.624574905738562,0.07,6,0
6887,16,45.99453290790265,0.04,10,1
6888,65,144.75790591865757,0.04,6,0
6889,101,12.584502674363568,0.02,3,0
6890,133,133.74618679975404,0.04,0,0
6891,48,42.98871289114447,0.01,19,1
6892,40,44.91239446872901,0.02,7,0
6893,2,5.691811890398402,0.02,14,1
6894,47,46.38519814424249,0.05,9,1
6895,4,45.17430277815967,0.33,13,1
6896,127,339.126581840565,0.04,5,0
6897,56,47.23326224948563,0.01,5,0
6898,88,25.363714366079613,0.24,15,1
6899,66,65.33172535603686,0.16,6,0
6900,82,32.91629620234515,0.05,6,0
6901,121,270.82860638510056,0.01,7,0
6902,83,41.2447418825409,0.05,7,0
6903,150,110.21778503498618,0.02,3,0
6904,41,27.131179434178378,0.01,0,0
6905,31,29.084267290011166,0.03,28,1
6906,78,395.5140840701639,0.02,7,0
6907,118,376.77368656522316,0.01,5,0
6908,49,316.25639174421946,0.02,5,0
6909,139,119.37635886946875,0.0,3,0
6910,105,46.29204780996557,0.03,3,0
6911,81,6.953954690162135,0.3,19,1
6912,3,21.95315580353048,0.02,28,1
6913,144,171.25710565250282,0.09,3,0
6914,106,125.41519022203263,0.1,0,0
6915,125,423.6065860409718,0.08,6,0
6916,139,49.70097605868352,0.01,4,0
6917,128,193.48969735232765,0.4,23,1
6918,21,14.754979171168193,0.04,12,1
6919,99,283.0766172818944,0.35,19,1
6920,19,8.054569240647313,0.01,26,1
6921,130,220.16751085180465,0.03,5,0
6922,51,458.977445637449,0.29,19,1
6923,27,28.64773655440763,0.34,24,1
6924,134,406.06785593141524,0.19,0,0
6925,147,50.19655733606688,0.02,4,0
6926,114,178.06720900199866,0.02,4,0
6927,21,15.93186237528555,0.01,30,1
6928,26,6.274356801051042,0.04,19,1
6929,61,286.31563784826915,0.01,2,0
6930,112,314.21254839811877,0.11,6,0
6931,99,303.83374251286614,0.01,2,0
6932,7,8.591107630702766,0.04,4,0
6933,135,45.54138143329892,0.04,1,0
6934,21,10.606862091262396,0.02,6,0
6935,21,7.236368625154916,0.05,6,0
6936,17,48.94218068381373,0.05,30,1
6937,135,20.745741393087958,0.05,5,0
6938,88,46.884058909361926,0.24,24,1
6939,140,107.94580331852657,0.02,0,0
6940,67,139.70383141106262,0.0,2,0
6941,101,43.10812144826143,0.22,26,1
6942,73,45.86270995026824,0.04,5,0
6943,70,420.2839514563558,0.0,3,0
6944,30,18.859975201031464,0.04,29,1
6945,87,252.99713727927238,0.02,3,0
6946,105,18.68638742985499,0.01,6,0
6947,55,246.30192291692433,0.0,1,0
6948,45,11.43730200927166,0.15,7,0
6949,57,127.92637970891997,0.02,7,0
6950,74,46.0874173526487,0.25,24,1
6951,150,37.53918907922583,0.18,4,0
6952,56,49.48489973532503,0.01,6,0
6953,13,40.27196290370883,0.04,28,1
6954,71,134.97234763704927,0.02,0,0
6955,48,49.41066501830322,0.02,9,1
6956,8,14.28649134025486,0.05,4,0
6957,144,76.97519091442308,0.22,17,1
6958,134,134.00205970495784,0.0,0,0
6959,65,265.2054194673194,0.0,2,0
6960,21,20.1400150254071,0.04,29,1
6961,131,114.9647440635704,0.0,0,0
6962,81,367.53549252664624,0.0,1,0
6963,20,20.88153065984728,0.02,22,1
6964,85,49.95640325199336,0.19,1,0
6965,146,32.19185333829838,0.03,6,0
6966,129,153.91108297667057,0.03,5,0
6967,88,57.37797549177707,0.03,4,0
6968,43,47.407204604438434,0.01,22,1
6969,74,264.60737585927797,0.01,5,0
6970,145,94.32338363809464,0.01,3,0
6971,145,6.901569775550445,0.01,1,0
6972,145,70.50620733611098,0.01,2,0
6973,71,28.057825964894025,0.05,6,0
6974,89,19.13956094836292,0.0,5,0
6975,64,227.8732840740656,0.01,5,0
6976,13,35.976704927729386,0.0,7,0
6977,6,27.92756676015258,0.02,20,1
6978,103,23.61114294304048,0.04,4,0
6979,87,432.8828032074873,0.03,1,0
6980,52,37.30966978082496,0.0,4,0
6981,28,18.426757419448798,0.0,16,1
6982,59,53.166139221266924,0.02,2,0
6983,2,7.2578244258875255,0.35,12,1
6984,4,10.138173171000057,0.04,20,1
6985,57,38.78746568496021,0.32,29,1
6986,119,473.875819303121,0.03,0,0
6987,137,195.36617446051463,0.22,10,1
6988,87,264.3479647783395,0.01,3,0
6989,37,39.77502956425873,0.03,12,1
6990,111,110.00264455347155,0.05,3,0
6991,45,476.5464739021329,0.01,2,0
6992,5,28.83610566367988,0.2,25,1
6993,44,12.815308036006805,0.0,21,1
6994,53,259.97595777459276,0.02,3,0
6995,26,19.067793948961754,0.03,14,1
6996,148,480.5799629701874,0.06,2,0
6997,15,24.620180369021824,0.01,4,0
6998,122,77.1791764025707,0.01,1,0
6999,86,305.6993947403056,0.04,6,0
