player_id,signup_date,country
5000,2025-11-16,IN
5001,2025-10-08,IN
5002,2025-11-26,UK
5003,2025-10-27,BR
5004,2025-10-23,DE
5005,2025-11-23,BR
5006,2025-10-11,NG
5007,2025-11-26,DE
5008,2025-11-03,BR
5009,2025-11-25,BR
5010,2025-10-02,IN
5011,2025-11-26,NG
5012,2025-11-25,IN
5013,2025-11-25,UK
5014,2025-10-06,UK
5015,2025-11-18,IN
5016,2025-10-13,NG
5017,2025-10-28,IN
5018,2025-11-25,UK
5019,2025-10-29,DE
5020,2025-11-25,BR
5021,2025-10-20,NG
5022,2025-10-09,DE
5023,2025-11-09,UK
5024,2025-11-22,NG
5025,2025-11-13,UK
5026,2025-11-20,DE
5027,2025-11-03,NG
5028,2025-11-13,BR
5029,2025-11-10,DE
5030,2025-10-11,IN
5031,2025-11-02,NG
5032,2025-11-10,BR
5033,2025-11-27,IN
5034,2025-11-27,IN
5035,2025-10-12,IN
5036,2025-11-06,DE
5037,2025-11-08,IN
5038,2025-10-13,UK
5039,2025-10-09,IN
5040,2025-10-22,UK
5041,2025-11-14,BR
5042,2025-10-07,DE
5043,2025-10-26,NG
5044,2025-11-10,BR
5045,2025-10-21,UK
5046,2025-10-02,BR
5047,2025-10-25,IN
5048,2025-11-22,IN
5049,2025-11-27,DE
5050,2025-10-19,BR
5051,2025-10-30,UK
5052,2025-11-16,BR
5053,2025-10-14,BR
5054,2025-11-21,UK
5055,2025-10-30,NG
5056,2025-10-03,DE
5057,2025-11-04,IN
5058,2025-10-21,UK
5059,2025-10-05,NG
5060,2025-11-30,IN
5061,2025-11-11,NG
5062,2025-10-23,NG
5063,2025-11-21,BR
5064,2025-10-26,DE
5065,2025-11-05,IN
5066,2025-10-15,DE
5067,2025-10-24,BR
5068,2025-10-20,BR
5069,2025-11-26,DE
5070,2025-11-16,NG
5071,2025-11-23,DE
5072,2025-11-07,DE
5073,2025-11-28,DE
5074,2025-11-01,UK
5075,2025-10-02,UK
5076,2025-11-18,IN
5077,2025-11-13,UK
5078,2025-11-10,IN
5079,2025-10-07,IN
5080,2025-11-19,DE
5081,2025-10-01,NG
5082,2025-10-20,NG
5083,2025-10-23,UK
5084,2025-11-02,DE
5085,2025-10-07,BR
5086,2025-10-23,DE
5087,2025-11-04,DE
5088,2025-10-30,IN
5089,2025-10-29,UK
5090,2025-10-25,IN
5091,2025-11-12,UK
5092,2025-11-01,NG
5093,2025-11-03,DE
5094,2025-11-07,DE
5095,2025-10-28,IN
5096,2025-10-31,BR
5097,2025-11-26,DE
5098,2025-10-09,BR
5099,2025-11-24,NG
5100,2025-11-01,IN
5101,2025-10-20,NG
5102,2025-11-06,UK
5103,2025-11-09,NG
5104,2025-11-16,DE
5105,2025-10-12,BR
5106,2025-11-20,DE
5107,2025-10-14,DE
5108,2025-10-11,UK
5109,2025-11-28,IN
5110,2025-10-28,UK
5111,2025-10-21,NG
5112,2025-10-02,NG
5113,2025-10-08,BR
5114,2025-11-03,NG
5115,2025-10-02,BR
5116,2025-11-25,DE
5117,2025-11-29,NG
5118,2025-10-16,IN
5119,2025-11-18,NG
5120,2025-11-14,IN
5121,2025-11-01,NG
5122,2025-11-20,DE
5123,2025-11-29,UK
5124,2025-11-29,UK
5125,2025-10-02,BR
5126,2025-11-23,NG
5127,2025-10-24,BR
5128,2025-11-20,BR
5129,2025-11-23,DE
5130,2025-10-07,NG
5131,2025-11-28,IN
5132,2025-11-21,IN
5133,2025-10-04,BR
5134,2025-11-14,DE
5135,2025-11-22,DE
5136,2025-10-04,NG
5137,2025-10-27,NG
5138,2025-11-29,UK
5139,2025-11-20,BR
5140,2025-10-22,DE
5141,2025-11-16,UK
5142,2025-11-13,DE
5143,2025-11-07,NG
5144,2025-11-02,UK
5145,2025-11-03,IN
5146,2025-10-31,NG
5147,2025-11-17,BR
5148,2025-11-25,NG
5149,2025-10-21,BR
5150,2025-11-18,BR
5151,2025-11-04,BR
5152,2025-10-03,UK
5153,2025-11-16,UK
5154,2025-10-07,IN
5155,2025-11-05,DE
5156,2025-11-28,BR
5157,2025-11-24,UK
5158,2025-10-29,IN
5159,2025-10-26,NG
5160,2025-11-13,BR
5161,2025-10-05,NG
5162,2025-11-22,DE
5163,2025-10-09,DE
5164,2025-11-15,DE
5165,2025-10-02,NG
5166,2025-11-19,NG
5167,2025-11-27,IN
5168,2025-10-21,NG
5169,2025-10-31,UK
5170,2025-10-15,NG
5171,2025-10-04,UK
5172,2025-11-01,IN
5173,2025-10-27,NG
5174,2025-11-18,NG
5175,2025-11-17,NG
5176,2025-10-03,DE
5177,2025-10-12,NG
5178,2025-10-05,BR
5179,2025-10-21,BR
5180,2025-10-24,IN
5181,2025-11-30,UK
5182,2025-11-16,NG
5183,2025-10-23,UK
5184,2025-11-27,BR
5185,2025-10-26,UK
5186,2025-10-16,DE
5187,2025-10-19,BR
5188,2025-11-06,DE
5189,2025-10-04,NG
5190,2025-10-02,DE
5191,2025-11-29,UK
5192,2025-10-08,UK
5193,2025-11-17,UK
5194,2025-11-03,NG
5195,2025-10-26,IN
5196,2025-10-03,UK
5197,2025-11-27,DE
5198,2025-11-30,BR
5199,2025-10-29,NG
5200,2025-10-28,NG
5201,2025-11-18,IN
5202,2025-10-23,IN
5203,2025-11-08,NG
5204,2025-10-19,BR
5205,2025-11-13,NG
5206,2025-10-04,IN
5207,2025-10-21,UK
5208,2025-11-16,IN
5209,2025-10-06,IN
5210,2025-10-29,NG
5211,2025-11-19,UK
5212,2025-11-09,IN
5213,2025-11-25,UK
5214,2025-10-24,BR
5215,2025-11-03,IN
5216,2025-10-15,UK
5217,2025-10-05,IN
5218,2025-11-17,DE
5219,2025-11-06,UK
5220,2025-10-06,IN
5221,2025-11-05,UK
5222,2025-10-01,BR
5223,2025-10-24,UK
5224,2025-10-18,IN
5225,2025-11-29,NG
5226,2025-11-26,NG
5227,2025-11-14,DE
5228,2025-11-14,DE
5229,2025-11-13,DE
5230,2025-11-30,DE
5231,2025-10-02,UK
5232,2025-11-15,DE
5233,2025-10-01,UK
5234,2025-10-18,UK
5235,2025-11-05,NG
5236,2025-11-23,IN
5237,2025-11-28,NG
5238,2025-11-17,BR
5239,2025-10-20,UK
5240,2025-11-09,DE
5241,2025-11-12,IN
5242,2025-11-13,UK
5243,2025-10-05,NG
5244,2025-11-24,DE
5245,2025-10-29,DE
5246,2025-10-18,BR
5247,2025-11-12,DE
5248,2025-10-24,BR
5249,2025-11-14,UK
5250,2025-11-07,UK
5251,2025-10-26,DE
5252,2025-10-24,UK
5253,2025-10-02,DE
5254,2025-11-05,BR
5255,2025-10-07,UK
5256,2025-10-18,IN
5257,2025-10-27,UK
5258,2025-11-13,NG
5259,2025-10-18,IN
5260,2025-11-18,BR
5261,2025-11-09,BR
5262,2025-10-30,DE
5263,2025-11-24,UK
5264,2025-11-30,NG
5265,2025-11-20,UK
5266,2025-10-08,NG
5267,2025-10-24,NG
5268,2025-11-16,IN
5269,2025-10-01,UK
5270,2025-11-24,UK
5271,2025-10-24,NG
5272,2025-11-06,BR
5273,2025-11-15,IN
5274,2025-10-24,BR
5275,2025-10-10,NG
5276,2025-11-05,BR
5277,2025-11-12,NG
5278,2025-11-16,DE
5279,2025-11-19,UK
5280,2025-10-11,NG
5281,2025-10-31,UK
5282,2025-10-22,DE
5283,2025-11-26,DE
5284,2025-11-19,IN
5285,2025-11-20,IN
5286,2025-11-14,IN
5287,2025-10-21,DE
5288,2025-10-19,IN
5289,2025-10-01,BR
5290,2025-10-19,NG
5291,2025-11-15,DE
5292,2025-11-04,BR
5293,2025-10-18,IN
5294,2025-11-16,IN
5295,2025-10-18,NG
5296,2025-11-07,IN
5297,2025-11-23,IN
5298,2025-11-03,UK
5299,2025-11-20,UK
5300,2025-11-26,UK
5301,2025-10-04,DE
5302,2025-10-16,NG
5303,2025-11-20,DE
5304,2025-10-09,IN
5305,2025-10-31,NG
5306,2025-11-09,BR
5307,2025-10-12,IN
5308,2025-10-10,DE
5309,2025-10-22,IN
5310,2025-10-02,DE
5311,2025-10-09,DE
5312,2025-11-24,DE
5313,2025-11-28,NG
5314,2025-11-03,NG
5315,2025-10-17,DE
5316,2025-11-30,DE
5317,2025-10-16,BR
5318,2025-11-07,NG
5319,2025-11-06,BR
5320,2025-10-10,NG
5321,2025-10-03,NG
5322,2025-11-05,IN
5323,2025-11-02,DE
5324,2025-11-07,BR
5325,2025-10-07,DE
5326,2025-11-11,UK
5327,2025-10-28,BR
5328,2025-11-17,BR
5329,2025-10-01,UK
5330,2025-10-26,UK
5331,2025-11-02,NG
5332,2025-11-05,BR
5333,2025-10-21,BR
5334,2025-10-30,UK
5335,2025-10-21,DE
5336,2025-10-19,NG
5337,2025-10-28,IN
5338,2025-11-02,DE
5339,2025-11-17,NG
5340,2025-10-05,BR
5341,2025-10-11,IN
5342,2025-10-30,DE
5343,2025-11-19,UK
5344,2025-11-17,DE
5345,2025-10-07,NG
5346,2025-10-21,UK
5347,2025-10-18,IN
5348,2025-11-06,UK
5349,2025-11-27,DE
5350,2025-10-08,DE
5351,2025-10-23,UK
5352,2025-11-08,IN
5353,2025-10-17,NG
5354,2025-11-27,BR
5355,2025-10-10,UK
5356,2025-11-01,IN
5357,2025-10-01,UK
5358,2025-11-10,IN
5359,2025-11-30,BR
5360,2025-11-15,NG
5361,2025-11-11,IN
5362,2025-11-11,IN
5363,2025-11-03,DE
5364,2025-10-04,NG
5365,2025-10-19,IN
5366,2025-10-20,UK
5367,2025-11-27,NG
5368,2025-10-30,NG
5369,2025-11-25,BR
5370,2025-11-22,IN
5371,2025-10-02,DE
5372,2025-10-02,NG
5373,2025-11-06,IN
5374,2025-10-22,BR
5375,2025-11-26,IN
5376,2025-11-26,BR
5377,2025-10-10,UK
5378,2025-11-15,BR
5379,2025-11-25,NG
5380,2025-10-04,DE
5381,2025-10-16,BR
5382,2025-11-11,UK
5383,2025-11-22,NG
5384,2025-10-13,DE
5385,2025-10-09,DE
5386,2025-10-27,IN
5387,2025-11-30,BR
5388,2025-11-13,BR
5389,2025-11-02,BR
5390,2025-11-06,DE
5391,2025-11-04,UK
5392,2025-10-13,BR
5393,2025-11-12,IN
5394,2025-10-06,DE
5395,2025-10-25,NG
5396,2025-10-17,BR
5397,2025-11-07,UK
5398,2025-11-09,IN
5399,2025-11-01,UK
5400,2025-11-27,BR
5401,2025-11-06,DE
5402,2025-11-23,DE
5403,2025-10-06,NG
5404,2025-11-12,BR
5405,2025-11-18,IN
5406,2025-11-07,UK
5407,2025-10-01,BR
5408,2025-11-17,DE
5409,2025-11-10,BR
5410,2025-11-25,NG
5411,2025-10-31,UK
5412,2025-11-04,BR
5413,2025-11-16,NG
5414,2025-11-05,UK
5415,2025-11-24,BR
5416,2025-11-08,IN
5417,2025-11-16,DE
5418,2025-11-06,IN
5419,2025-11-03,UK
5420,2025-10-01,DE
5421,2025-11-25,BR
5422,2025-10-17,IN
5423,2025-11-09,UK
5424,2025-10-07,DE
5425,2025-10-20,UK
5426,2025-10-11,BR
5427,2025-10-16,IN
5428,2025-10-23,IN
5429,2025-10-03,IN
5430,2025-10-06,BR
5431,2025-10-06,UK
5432,2025-11-15,UK
5433,2025-10-01,NG
5434,2025-10-06,NG
5435,2025-10-04,NG
5436,2025-11-06,DE
5437,2025-10-24,DE
5438,2025-11-21,BR
5439,2025-10-14,IN
5440,2025-11-21,BR
5441,2025-11-19,DE
5442,2025-11-21,UK
5443,2025-10-01,IN
5444,2025-10-27,UK
5445,2025-10-17,DE
5446,2025-11-20,IN
5447,2025-11-18,UK
5448,2025-10-13,BR
5449,2025-11-18,DE
5450,2025-11-20,DE
5451,2025-11-15,NG
5452,2025-10-08,IN
5453,2025-11-15,DE
5454,2025-10-02,IN
5455,2025-10-15,IN
5456,2025-10-27,NG
5457,2025-10-11,IN
5458,2025-11-17,DE
5459,2025-10-10,IN
5460,2025-10-02,BR
5461,2025-11-09,IN
5462,2025-10-16,IN
5463,2025-10-17,DE
5464,2025-10-28,DE
5465,2025-11-13,BR
5466,2025-10-07,NG
5467,2025-10-06,IN
5468,2025-10-09,BR
5469,2025-10-05,BR
5470,2025-11-09,IN
5471,2025-11-24,DE
5472,2025-10-18,IN
5473,2025-10-12,NG
5474,2025-10-15,IN
5475,2025-10-23,NG
5476,2025-11-10,BR
5477,2025-10-14,DE
5478,2025-10-09,DE
5479,2025-11-10,UK
5480,2025-10-29,BR
5481,2025-10-28,IN
5482,2025-10-31,BR
5483,2025-11-08,BR
5484,2025-11-10,UK
5485,2025-11-08,UK
5486,2025-10-10,UK
5487,2025-11-14,IN
5488,2025-11-20,DE
5489,2025-10-29,BR
5490,2025-11-28,BR
5491,2025-10-04,IN
5492,2025-10-30,UK
5493,2025-10-25,BR
5494,2025-11-20,BR
5495,2025-10-21,IN
5496,2025-11-09,DE
5497,2025-10-13,NG
5498,2025-10-23,UK
5499,2025-10-07,DE
5500,2025-11-22,BR
5501,2025-11-26,IN
5502,2025-10-31,DE
5503,2025-11-25,UK
5504,2025-10-28,UK
5505,2025-11-06,IN
5506,2025-10-16,IN
5507,2025-11-05,DE
5508,2025-11-17,DE
5509,2025-11-13,NG
5510,2025-10-05,NG
5511,2025-10-29,IN
5512,2025-11-22,NG
5513,2025-11-18,NG
5514,2025-11-22,NG
5515,2025-10-09,BR
5516,2025-11-01,NG
5517,2025-10-13,NG
5518,2025-10-18,IN
5519,2025-10-12,NG
5520,2025-11-08,IN
5521,2025-11-07,IN
5522,2025-10-10,IN
5523,2025-10-16,NG
5524,2025-11-21,NG
5525,2025-10-15,BR
5526,2025-11-29,UK
5527,2025-11-16,NG
5528,2025-11-25,IN
5529,2025-11-12,IN
5530,2025-11-17,UK
5531,2025-10-01,BR
5532,2025-11-11,BR
5533,2025-10-03,UK
5534,2025-10-15,IN
5535,2025-11-21,BR
5536,2025-11-19,DE
5537,2025-10-11,UK
5538,2025-11-24,NG
5539,2025-11-02,BR
5540,2025-10-20,NG
5541,2025-11-10,DE
5542,2025-11-03,NG
5543,2025-11-21,DE
5544,2025-11-28,NG
5545,2025-11-15,UK
5546,2025-11-10,UK
5547,2025-10-22,NG
5548,2025-11-09,DE
5549,2025-11-12,NG
5550,2025-10-17,BR
5551,2025-10-31,DE
5552,2025-10-24,UK
5553,2025-11-24,UK
5554,2025-10-15,UK
5555,2025-10-29,BR
5556,2025-11-24,IN
5557,2025-11-07,BR
5558,2025-10-18,UK
5559,2025-11-20,BR
5560,2025-10-31,BR
5561,2025-10-29,IN
5562,2025-11-27,BR
5563,2025-11-29,UK
5564,2025-10-13,UK
5565,2025-11-04,UK
5566,2025-11-29,BR
5567,2025-10-29,IN
5568,2025-10-01,DE
5569,2025-10-25,DE
5570,2025-11-02,BR
5571,2025-10-27,BR
5572,2025-11-04,DE
5573,2025-10-06,DE
5574,2025-11-20,DE
5575,2025-10-17,IN
5576,2025-10-31,DE
5577,2025-10-27,NG
5578,2025-10-14,IN
5579,2025-11-21,UK
5580,2025-11-10,NG
5581,2025-11-03,BR
5582,2025-10-01,IN
5583,2025-10-31,DE
5584,2025-10-10,IN
5585,2025-11-23,DE
5586,2025-11-10,BR
5587,2025-10-23,IN
5588,2025-10-23,NG
5589,2025-11-25,BR
5590,2025-11-05,DE
5591,2025-11-12,NG
5592,2025-11-21,BR
5593,2025-10-31,IN
5594,2025-10-19,DE
5595,2025-10-19,BR
5596,2025-11-02,UK
5597,2025-11-29,DE
5598,2025-10-03,NG
5599,2025-10-20,DE
5600,2025-11-18,DE
5601,2025-11-05,DE
5602,2025-10-09,DE
5603,2025-11-07,NG
5604,2025-11-02,IN
5605,2025-10-16,NG
5606,2025-10-15,IN
5607,2025-10-11,IN
5608,2025-11-10,NG
5609,2025-11-24,BR
5610,2025-11-21,NG
5611,2025-11-19,BR
5612,2025-11-17,DE
5613,2025-10-28,IN
5614,2025-10-14,DE
5615,2025-10-11,BR
5616,2025-10-14,NG
5617,2025-10-05,IN
5618,2025-10-10,UK
5619,2025-11-04,BR
5620,2025-11-08,IN
5621,2025-11-05,NG
5622,2025-11-24,IN
5623,2025-10-27,BR
5624,2025-11-15,NG
5625,2025-11-18,UK
5626,2025-11-28,NG
5627,2025-11-30,BR
5628,2025-11-07,NG
5629,2025-11-21,NG
5630,2025-10-19,BR
5631,2025-10-23,NG
5632,2025-11-04,DE
5633,2025-10-30,UK
5634,2025-10-10,NG
5635,2025-10-22,DE
5636,2025-10-10,NG
5637,2025-11-07,DE
5638,2025-11-18,IN
5639,2025-10-05,DE
5640,2025-11-20,UK
5641,2025-11-07,NG
5642,2025-10-05,NG
5643,2025-10-29,BR
5644,2025-11-12,DE
5645,2025-11-02,NG
5646,2025-11-03,BR
5647,2025-11-22,BR
5648,2025-11-09,NG
5649,2025-10-13,DE
5650,2025-10-21,BR
5651,2025-11-12,IN
5652,2025-11-27,DE
5653,2025-11-10,NG
5654,2025-10-06,NG
5655,2025-10-29,NG
5656,2025-11-23,NG
5657,2025-10-06,NG
5658,2025-10-08,UK
5659,2025-10-25,IN
5660,2025-11-16,IN
5661,2025-11-21,UK
5662,2025-11-14,IN
5663,2025-10-22,DE
5664,2025-10-17,UK
5665,2025-11-06,UK
5666,2025-11-19,IN
5667,2025-10-22,BR
5668,2025-11-05,NG
5669,2025-10-20,DE
5670,2025-10-28,DE
5671,2025-10-05,UK
5672,2025-11-17,IN
5673,2025-10-27,UK
5674,2025-10-01,BR
5675,2025-10-02,DE
5676,2025-10-30,DE
5677,2025-10-23,UK
5678,2025-10-01,UK
5679,2025-10-30,DE
5680,2025-10-24,UK
5681,2025-11-15,NG
5682,2025-10-06,DE
5683,2025-11-10,BR
5684,2025-11-25,UK
5685,2025-11-29,BR
5686,2025-10-05,DE
5687,2025-11-13,IN
5688,2025-10-19,BR
5689,2025-11-17,IN
5690,2025-10-27,DE
5691,2025-10-22,IN
5692,2025-10-02,UK
5693,2025-10-30,NG
5694,2025-11-24,DE
5695,2025-11-06,DE
5696,2025-10-04,DE
5697,2025-10-04,IN
5698,2025-10-27,DE
5699,2025-10-30,UK
5700,2025-11-21,DE
5701,2025-11-02,NG
5702,2025-10-16,NG
5703,2025-11-24,NG
5704,2025-10-09,BR
5705,2025-11-18,NG
5706,2025-11-19,BR
5707,2025-10-01,DE
5708,2025-11-19,IN
5709,2025-10-26,IN
5710,2025-11-04,BR
5711,2025-11-08,IN
5712,2025-10-16,BR
5713,2025-11-09,NG
5714,2025-10-26,IN
5715,2025-10-01,BR
5716,2025-10-25,IN
5717,2025-10-30,BR
5718,2025-11-29,UK
5719,2025-11-04,DE
5720,2025-10-06,BR
5721,2025-11-25,NG
5722,2025-10-01,DE
5723,2025-11-28,IN
5724,2025-11-17,NG
5725,2025-10-19,UK
5726,2025-10-31,BR
5727,2025-10-25,UK
5728,2025-10-15,IN
5729,2025-10-25,NG
5730,2025-11-10,DE
5731,2025-11-28,BR
5732,2025-10-20,IN
5733,2025-11-04,DE
5734,2025-10-04,UK
5735,2025-11-08,UK
5736,2025-10-26,UK
5737,2025-10-09,UK
5738,2025-11-22,IN
5739,2025-10-29,IN
5740,2025-11-29,IN
5741,2025-11-30,DE
5742,2025-11-03,DE
5743,2025-10-07,DE
5744,2025-10-15,IN
5745,2025-10-04,UK
5746,2025-10-26,IN
5747,2025-10-25,NG
5748,2025-10-30,UK
5749,2025-10-15,UK
5750,2025-10-04,UK
5751,2025-11-07,NG
5752,2025-10-30,BR
5753,2025-11-22,DE
5754,2025-10-04,BR
5755,2025-11-24,NG
5756,2025-11-12,BR
5757,2025-10-04,BR
5758,2025-10-31,IN
5759,2025-10-02,BR
5760,2025-10-09,IN
5761,2025-11-05,UK
5762,2025-11-02,BR
5763,2025-10-08,DE
5764,2025-10-28,DE
5765,2025-10-03,NG
5766,2025-10-07,NG
5767,2025-11-08,NG
5768,2025-11-28,DE
5769,2025-10-27,IN
5770,2025-11-17,UK
5771,2025-10-28,IN
5772,2025-10-31,IN
5773,2025-11-01,DE
5774,2025-10-11,BR
5775,2025-10-29,BR
5776,2025-10-07,NG
5777,2025-11-18,IN
5778,2025-10-21,DE
5779,2025-11-29,BR
5780,2025-10-14,DE
5781,2025-10-18,BR
5782,2025-10-22,IN
5783,2025-11-11,DE
5784,2025-10-06,UK
5785,2025-11-23,DE
5786,2025-10-09,NG
5787,2025-11-27,NG
5788,2025-11-06,BR
5789,2025-11-17,NG
5790,2025-10-21,DE
5791,2025-11-27,DE
5792,2025-10-02,NG
5793,2025-10-09,UK
5794,2025-10-18,UK
5795,2025-11-16,UK
5796,2025-10-01,UK
5797,2025-10-23,UK
5798,2025-10-07,NG
5799,2025-11-19,DE
5800,2025-10-21,BR
5801,2025-11-20,IN
5802,2025-10-14,IN
5803,2025-10-11,NG
5804,2025-11-19,BR
5805,2025-10-08,DE
5806,2025-10-09,UK
5807,2025-11-17,NG
5808,2025-10-07,UK
5809,2025-10-12,BR
5810,2025-10-07,DE
5811,2025-11-16,DE
5812,2025-10-27,IN
5813,2025-11-11,NG
5814,2025-10-13,BR
5815,2025-11-29,IN
5816,2025-10-21,IN
5817,2025-11-28,NG
5818,2025-11-02,DE
5819,2025-11-02,DE
5820,2025-10-17,IN
5821,2025-10-05,NG
5822,2025-11-28,UK
5823,2025-11-17,IN
5824,2025-10-15,DE
5825,2025-11-15,IN
5826,2025-10-17,UK
5827,2025-11-14,DE
5828,2025-10-17,NG
5829,2025-11-22,IN
5830,2025-10-19,BR
5831,2025-11-05,BR
5832,2025-11-20,NG
5833,2025-10-09,NG
5834,2025-10-21,BR
5835,2025-10-26,IN
5836,2025-11-27,NG
5837,2025-11-23,NG
5838,2025-10-27,DE
5839,2025-10-08,BR
5840,2025-11-06,UK
5841,2025-11-09,IN
5842,2025-10-28,BR
5843,2025-11-25,IN
5844,2025-11-13,DE
5845,2025-11-19,UK
5846,2025-11-21,UK
5847,2025-11-24,DE
5848,2025-11-26,IN
5849,2025-10-30,NG
5850,2025-11-20,NG
5851,2025-10-20,NG
5852,2025-10-13,DE
5853,2025-10-09,BR
5854,2025-11-10,UK
5855,2025-10-15,UK
5856,2025-11-14,NG
5857,2025-11-28,UK
5858,2025-11-08,IN
5859,2025-10-02,NG
5860,2025-10-17,IN
5861,2025-11-23,IN
5862,2025-10-15,BR
5863,2025-11-05,DE
5864,2025-11-03,IN
5865,2025-10-13,BR
5866,2025-11-22,UK
5867,2025-11-03,DE
5868,2025-11-28,IN
5869,2025-11-29,DE
5870,2025-10-30,UK
5871,2025-11-25,NG
5872,2025-10-20,DE
5873,2025-11-05,DE
5874,2025-10-16,IN
5875,2025-10-29,UK
5876,2025-10-07,DE
5877,2025-10-18,UK
5878,2025-10-18,NG
5879,2025-10-01,NG
5880,2025-11-05,NG
5881,2025-10-20,DE
5882,2025-10-24,BR
5883,2025-11-13,NG
5884,2025-11-01,IN
5885,2025-11-01,BR
5886,2025-11-30,IN
5887,2025-10-29,UK
5888,2025-10-27,NG
5889,2025-11-02,UK
5890,2025-10-22,NG
5891,2025-10-25,UK
5892,2025-10-24,UK
5893,2025-11-24,UK
5894,2025-11-20,NG
5895,2025-10-31,DE
5896,2025-10-22,IN
5897,2025-10-06,NG
5898,2025-10-20,BR
5899,2025-11-14,IN
5900,2025-10-19,UK
5901,2025-11-01,IN
5902,2025-10-29,UK
5903,2025-10-29,UK
5904,2025-11-13,DE
5905,2025-11-15,DE
5906,2025-10-15,NG
5907,2025-11-12,DE
5908,2025-11-09,NG
5909,2025-10-09,NG
5910,2025-10-09,DE
5911,2025-11-07,UK
5912,2025-11-16,DE
5913,2025-11-29,NG
5914,2025-11-06,UK
5915,2025-11-23,DE
5916,2025-10-24,UK
5917,2025-10-07,UK
5918,2025-11-15,BR
5919,2025-10-31,BR
5920,2025-10-28,BR
5921,2025-11-23,BR
5922,2025-11-22,NG
5923,2025-10-11,DE
5924,2025-10-13,UK
5925,2025-10-12,BR
5926,2025-11-20,BR
5927,2025-11-10,UK
5928,2025-11-06,BR
5929,2025-10-16,NG
5930,2025-10-09,DE
5931,2025-10-24,UK
5932,2025-11-12,NG
5933,2025-10-03,NG
5934,2025-11-19,DE
5935,2025-11-17,BR
5936,2025-11-02,BR
5937,2025-11-25,BR
5938,2025-11-28,DE
5939,2025-10-22,IN
5940,2025-10-02,IN
5941,2025-10-11,DE
5942,2025-10-15,NG
5943,2025-10-22,UK
5944,2025-10-07,NG
5945,2025-11-27,DE
5946,2025-10-11,UK
5947,2025-10-22,UK
5948,2025-10-15,BR
5949,2025-10-16,NG
5950,2025-11-21,NG
5951,2025-10-29,IN
5952,2025-11-05,IN
5953,2025-11-13,BR
5954,2025-11-07,UK
5955,2025-11-03,BR
5956,2025-11-05,BR
5957,2025-10-07,NG
5958,2025-10-21,BR
5959,2025-11-23,NG
5960,2025-11-02,NG
5961,2025-10-18,UK
5962,2025-10-28,BR
5963,2025-11-28,DE
5964,2025-10-02,NG
5965,2025-11-18,BR
5966,2025-10-01,DE
5967,2025-11-08,DE
5968,2025-11-12,BR
5969,2025-11-01,NG
5970,2025-10-09,BR
5971,2025-10-26,IN
5972,2025-11-14,DE
5973,2025-10-01,NG
5974,2025-11-30,IN
5975,2025-10-17,IN
5976,2025-10-12,IN
5977,2025-11-15,NG
5978,2025-10-10,BR
5979,2025-11-23,IN
5980,2025-11-12,IN
5981,2025-11-19,DE
5982,2025-10-18,DE
5983,2025-11-10,IN
5984,2025-11-10,UK
5985,2025-11-26,UK
5986,2025-10-03,DE
5987,2025-11-08,UK
5988,2025-10-30,UK
5989,2025-11-23,IN
5990,2025-11-12,IN
5991,2025-10-30,UK
5992,2025-11-05,DE
5993,2025-10-10,NG
5994,2025-10-24,NG
5995,2025-10-24,NG
5996,2025-10-22,BR
5997,2025-10-27,NG
5998,2025-11-26,DE
5999,2025-11-24,IN
6000,2025-11-13,DE
6001,2025-11-04,BR
6002,2025-10-16,UK
6003,2025-11-22,DE
6004,2025-10-26,BR
6005,2025-11-08,IN
6006,2025-11-12,DE
6007,2025-11-14,UK
6008,2025-11-27,DE
6009,2025-11-17,DE
6010,2025-11-22,UK
6011,2025-10-03,BR
6012,2025-11-03,BR
6013,2025-10-08,UK
6014,2025-10-04,IN
6015,2025-11-12,UK
6016,2025-10-13,NG
6017,2025-11-07,IN
6018,2025-11-22,IN
6019,2025-10-23,NG
6020,2025-11-20,BR
6021,2025-11-10,UK
6022,2025-10-19,UK
6023,2025-10-08,IN
6024,2025-11-21,BR
6025,2025-10-03,UK
6026,2025-10-17,BR
6027,2025-11-22,BR
6028,2025-10-25,DE
6029,2025-11-06,UK
6030,2025-11-09,BR
6031,2025-10-30,IN
6032,2025-11-04,NG
6033,2025-11-01,NG
6034,2025-10-13,NG
6035,2025-11-24,NG
6036,2025-11-05,IN
6037,2025-11-04,IN
6038,2025-11-22,IN
6039,2025-10-03,NG
6040,2025-11-18,NG
6041,2025-10-21,NG
6042,2025-11-04,UK
6043,2025-11-03,IN
6044,2025-11-27,DE
6045,2025-11-06,UK
6046,2025-11-18,BR
6047,2025-11-14,UK
6048,2025-11-16,BR
6049,2025-11-28,UK
6050,2025-10-12,IN
6051,2025-11-30,NG
6052,2025-11-26,IN
6053,2025-10-25,NG
6054,2025-11-28,IN
6055,2025-10-26,DE
6056,2025-11-22,IN
6057,2025-11-17,IN
6058,2025-11-20,UK
6059,2025-10-25,NG
6060,2025-10-01,NG
6061,2025-11-20,DE
6062,2025-10-11,IN
6063,2025-11-01,NG
6064,2025-10-22,DE
6065,2025-10-15,DE
6066,2025-10-18,BR
6067,2025-10-27,NG
6068,2025-11-25,UK
6069,2025-10-28,DE
6070,2025-10-15,BR
6071,2025-11-30,IN
6072,2025-10-22,DE
6073,2025-10-10,DE
6074,2025-11-16,BR
6075,2025-11-07,BR
6076,2025-10-10,IN
6077,2025-11-22,IN
6078,2025-10-09,UK
6079,2025-11-05,IN
6080,2025-11-16,BR
6081,2025-11-20,BR
6082,2025-10-08,IN
6083,2025-10-27,DE
6084,2025-11-28,DE
6085,2025-10-23,NG
6086,2025-11-30,DE
6087,2025-11-15,BR
6088,2025-10-13,UK
6089,2025-10-18,UK
6090,2025-11-25,IN
6091,2025-10-31,NG
6092,2025-11-04,IN
6093,2025-10-04,DE
6094,2025-11-02,UK
6095,2025-10-16,BR
6096,2025-10-28,NG
6097,2025-11-10,UK
6098,2025-11-02,UK
6099,2025-10-15,DE
6100,2025-11-06,DE
6101,2025-10-13,BR
6102,2025-11-14,IN
6103,2025-11-20,DE
6104,2025-10-02,IN
6105,2025-11-06,NG
6106,2025-10-17,DE
6107,2025-10-14,DE
6108,2025-10-01,DE
6109,2025-10-23,NG
6110,2025-11-27,UK
6111,2025-10-21,UK
6112,2025-10-15,DE
6113,2025-10-23,BR
6114,2025-11-29,NG
6115,2025-10-18,DE
6116,2025-10-26,IN
6117,2025-10-11,UK
6118,2025-11-09,UK
6119,2025-11-25,DE
6120,2025-10-17,IN
6121,2025-11-21,UK
6122,2025-11-07,DE
6123,2025-10-31,BR
6124,2025-10-11,DE
6125,2025-10-02,IN
6126,2025-11-05,IN
6127,2025-10-05,IN
6128,2025-11-15,IN
6129,2025-11-01,UK
6130,2025-10-22,IN
6131,2025-10-25,UK
6132,2025-10-13,BR
6133,2025-11-02,BR
6134,2025-10-31,IN
6135,2025-11-09,NG
6136,2025-10-29,BR
6137,2025-10-17,NG
6138,2025-10-19,BR
6139,2025-11-11,NG
6140,2025-10-11,UK
6141,2025-10-07,UK
6142,2025-10-06,IN
6143,2025-10-04,UK
6144,2025-10-18,UK
6145,2025-11-16,NG
6146,2025-11-16,IN
6147,2025-10-12,BR
6148,2025-10-11,BR
6149,2025-10-20,NG
6150,2025-11-27,IN
6151,2025-10-20,BR
6152,2025-10-14,NG
6153,2025-11-01,BR
6154,2025-11-11,UK
6155,2025-10-10,IN
6156,2025-10-22,DE
6157,2025-10-19,BR
6158,2025-10-30,NG
6159,2025-10-28,DE
6160,2025-11-28,DE
6161,2025-11-27,IN
6162,2025-11-21,UK
6163,2025-10-21,DE
6164,2025-11-03,DE
6165,2025-11-27,BR
6166,2025-11-29,DE
6167,2025-11-18,BR
6168,2025-10-09,DE
6169,2025-11-20,BR
6170,2025-10-22,NG
6171,2025-10-02,NG
6172,2025-10-08,NG
6173,2025-11-18,NG
6174,2025-10-16,IN
6175,2025-10-10,UK
6176,2025-10-19,NG
6177,2025-10-02,UK
6178,2025-11-05,IN
6179,2025-10-22,IN
6180,2025-11-15,NG
6181,2025-10-21,NG
6182,2025-11-16,UK
6183,2025-11-18,UK
6184,2025-11-29,IN
6185,2025-11-28,UK
6186,2025-11-19,UK
6187,2025-11-15,DE
6188,2025-11-13,NG
6189,2025-10-06,UK
6190,2025-11-19,IN
6191,2025-11-04,NG
6192,2025-10-05,IN
6193,2025-11-20,BR
6194,2025-10-13,IN
6195,2025-11-27,DE
6196,2025-11-30,NG
6197,2025-11-05,DE
6198,2025-11-30,IN
6199,2025-10-13,UK
6200,2025-10-02,BR
6201,2025-10-26,BR
6202,2025-10-08,IN
6203,2025-11-20,UK
6204,2025-11-25,NG
6205,2025-10-23,UK
6206,2025-11-04,DE
6207,2025-10-25,UK
6208,2025-11-25,NG
6209,2025-10-16,UK
6210,2025-10-01,DE
6211,2025-11-16,NG
6212,2025-11-27,BR
6213,2025-11-21,NG
6214,2025-10-12,UK
6215,2025-11-27,UK
6216,2025-11-01,NG
6217,2025-11-25,NG
6218,2025-11-16,BR
6219,2025-10-08,IN
6220,2025-10-27,BR
6221,2025-11-12,UK
6222,2025-11-25,UK
6223,2025-11-05,NG
6224,2025-11-28,UK
6225,2025-11-07,DE
6226,2025-11-17,NG
6227,2025-11-24,UK
6228,2025-11-25,BR
6229,2025-11-06,IN
6230,2025-11-29,IN
6231,2025-11-12,DE
6232,2025-10-27,NG
6233,2025-10-02,IN
6234,2025-11-22,NG
6235,2025-10-08,IN
6236,2025-10-22,BR
6237,2025-11-30,NG
6238,2025-11-02,IN
6239,2025-10-26,UK
6240,2025-10-07,DE
6241,2025-11-07,UK
6242,2025-11-21,IN
6243,2025-10-16,DE
6244,2025-11-22,BR
6245,2025-11-24,UK
6246,2025-11-06,NG
6247,2025-11-09,IN
6248,2025-11-23,BR
6249,2025-11-26,NG
6250,2025-10-13,UK
6251,2025-10-22,IN
6252,2025-11-06,IN
6253,2025-10-11,UK
6254,2025-10-29,UK
6255,2025-11-28,BR
6256,2025-10-17,IN
6257,2025-10-02,IN
6258,2025-11-14,IN
6259,2025-10-15,NG
6260,2025-10-02,BR
6261,2025-11-22,BR
6262,2025-10-24,IN
6263,2025-11-15,BR
6264,2025-10-24,DE
6265,2025-11-04,UK
6266,2025-11-21,DE
6267,2025-11-17,IN
6268,2025-11-05,DE
6269,2025-11-20,BR
6270,2025-10-07,UK
6271,2025-10-14,BR
6272,2025-10-14,IN
6273,2025-10-27,BR
6274,2025-10-19,DE
6275,2025-10-28,DE
6276,2025-11-22,UK
6277,2025-11-14,UK
6278,2025-10-29,UK
6279,2025-11-28,IN
6280,2025-11-04,UK
6281,2025-10-31,NG
6282,2025-11-27,IN
6283,2025-11-05,UK
6284,2025-10-27,UK
6285,2025-11-16,BR
6286,2025-10-14,DE
6287,2025-10-25,IN
6288,2025-11-26,IN
6289,2025-10-10,NG
6290,2025-11-30,BR
6291,2025-11-30,BR
6292,2025-11-17,NG
6293,2025-11-26,BR
6294,2025-10-19,DE
6295,2025-10-11,IN
6296,2025-11-21,NG
6297,2025-10-15,DE
6298,2025-10-10,DE
6299,2025-10-02,IN
6300,2025-10-10,UK
6301,2025-11-21,DE
6302,2025-10-23,NG
6303,2025-11-24,DE
6304,2025-10-21,IN
6305,2025-10-23,DE
6306,2025-11-05,UK
6307,2025-10-21,UK
6308,2025-11-23,NG
6309,2025-11-10,IN
6310,2025-11-01,IN
6311,2025-10-02,IN
6312,2025-10-15,UK
6313,2025-11-26,IN
6314,2025-10-28,NG
6315,2025-11-09,NG
6316,2025-11-05,NG
6317,2025-10-04,IN
6318,2025-10-28,NG
6319,2025-11-17,DE
6320,2025-11-23,DE
6321,2025-10-08,NG
6322,2025-11-08,DE
6323,2025-10-03,DE
6324,2025-11-01,BR
6325,2025-10-10,BR
6326,2025-10-24,UK
6327,2025-11-29,DE
6328,2025-11-27,NG
6329,2025-10-28,BR
6330,2025-11-07,NG
6331,2025-10-08,IN
6332,2025-11-13,NG
6333,2025-10-14,NG
6334,2025-10-21,IN
6335,2025-10-26,BR
6336,2025-11-22,IN
6337,2025-10-09,NG
6338,2025-11-05,BR
6339,2025-10-04,DE
6340,2025-11-12,BR
6341,2025-11-28,DE
6342,2025-11-10,BR
6343,2025-10-21,DE
6344,2025-10-21,UK
6345,2025-10-19,UK
6346,2025-10-10,NG
6347,2025-10-01,NG
6348,2025-10-25,UK
6349,2025-10-14,UK
6350,2025-10-11,NG
6351,2025-10-09,IN
6352,2025-11-27,BR
6353,2025-11-18,UK
6354,2025-11-03,UK
6355,2025-11-11,DE
6356,2025-10-07,NG
6357,2025-10-28,UK
6358,2025-10-12,UK
6359,2025-11-28,DE
6360,2025-11-08,IN
6361,2025-10-28,DE
6362,2025-10-21,BR
6363,2025-11-26,BR
6364,2025-10-16,UK
6365,2025-10-07,BR
6366,2025-10-12,NG
6367,2025-10-04,NG
6368,2025-10-19,DE
6369,2025-10-02,NG
6370,2025-10-21,UK
6371,2025-11-23,BR
6372,2025-11-01,BR
6373,2025-11-05,BR
6374,2025-11-04,NG
6375,2025-11-15,BR
6376,2025-10-14,NG
6377,2025-11-20,BR
6378,2025-11-26,UK
6379,2025-11-20,UK
6380,2025-11-20,DE
6381,2025-11-20,BR
6382,2025-10-16,BR
6383,2025-11-06,DE
6384,2025-11-25,IN
6385,2025-11-28,BR
6386,2025-10-19,DE
6387,2025-10-01,DE
6388,2025-11-23,DE
6389,2025-10-03,IN
6390,2025-10-05,UK
6391,2025-10-22,BR
6392,2025-10-12,IN
6393,2025-11-13,UK
6394,2025-10-14,BR
6395,2025-11-14,DE
6396,2025-11-24,IN
6397,2025-11-22,DE
6398,2025-10-27,NG
6399,2025-10-27,BR
6400,2025-10-18,NG
6401,2025-11-29,BR
6402,2025-11-15,DE
6403,2025-10-27,UK
6404,2025-11-22,UK
6405,2025-11-02,UK
6406,2025-11-27,BR
6407,2025-10-29,UK
6408,2025-11-04,DE
6409,2025-11-04,NG
6410,2025-11-29,BR
6411,2025-11-22,BR
6412,2025-10-26,NG
6413,2025-10-04,DE
6414,2025-10-11,IN
6415,2025-10-21,DE
6416,2025-10-24,BR
6417,2025-11-13,IN
6418,2025-10-31,DE
6419,2025-11-09,NG
6420,2025-10-24,UK
6421,2025-11-23,DE
6422,2025-10-25,IN
6423,2025-11-18,NG
6424,2025-10-12,IN
6425,2025-11-26,DE
6426,2025-10-29,NG
6427,2025-11-14,UK
6428,2025-10-17,UK
6429,2025-11-23,BR
6430,2025-10-01,IN
6431,2025-11-03,BR
6432,2025-11-14,BR
6433,2025-10-30,UK
6434,2025-11-12,DE
6435,2025-10-15,NG
6436,2025-10-29,BR
6437,2025-10-13,NG
6438,2025-11-26,BR
6439,2025-10-29,DE
6440,2025-10-22,DE
6441,2025-10-30,NG
6442,2025-11-26,NG
6443,2025-11-20,BR
6444,2025-11-15,NG
6445,2025-11-02,UK
6446,2025-11-11,DE
6447,2025-10-15,IN
6448,2025-10-04,IN
6449,2025-11-06,NG
6450,2025-11-03,IN
6451,2025-11-05,DE
6452,2025-11-12,NG
6453,2025-11-25,DE
6454,2025-11-20,BR
6455,2025-10-01,UK
6456,2025-11-03,DE
6457,2025-10-20,NG
6458,2025-11-18,DE
6459,2025-10-01,IN
6460,2025-10-14,DE
6461,2025-11-17,DE
6462,2025-11-22,UK
6463,2025-11-15,BR
6464,2025-10-18,IN
6465,2025-10-07,NG
6466,2025-11-22,UK
6467,2025-10-14,DE
6468,2025-11-17,BR
6469,2025-10-14,IN
6470,2025-11-01,IN
6471,2025-11-19,IN
6472,2025-11-06,DE
6473,2025-10-29,DE
6474,2025-11-15,NG
6475,2025-11-08,BR
6476,2025-11-25,DE
6477,2025-11-16,DE
6478,2025-11-01,IN
6479,2025-10-05,IN
6480,2025-11-23,DE
6481,2025-10-25,NG
6482,2025-11-04,DE
6483,2025-10-15,NG
6484,2025-10-17,IN
6485,2025-10-05,NG
6486,2025-10-14,DE
6487,2025-10-14,UK
6488,2025-11-30,NG
6489,2025-10-03,DE
6490,2025-11-09,BR
6491,2025-11-21,BR
6492,2025-11-19,IN
6493,2025-11-27,BR
6494,2025-10-11,UK
6495,2025-10-20,DE
6496,2025-11-27,IN
6497,2025-10-16,NG
6498,2025-10-23,DE
6499,2025-11-11,BR
6500,2025-11-17,BR
6501,2025-10-13,IN
6502,2025-11-07,IN
6503,2025-10-05,IN
6504,2025-11-17,BR
6505,2025-10-26,BR
6506,2025-11-01,BR
6507,2025-11-30,IN
6508,2025-10-23,BR
6509,2025-11-20,UK
6510,2025-11-02,NG
6511,2025-11-14,IN
6512,2025-10-05,NG
6513,2025-10-15,NG
6514,2025-10-04,DE
6515,2025-10-18,NG
6516,2025-11-20,UK
6517,2025-11-01,UK
6518,2025-11-12,NG
6519,2025-11-11,BR
6520,2025-11-07,IN
6521,2025-10-25,UK
6522,2025-11-09,DE
6523,2025-11-11,BR
6524,2025-11-29,NG
6525,2025-11-22,UK
6526,2025-11-26,DE
6527,2025-11-21,IN
6528,2025-10-03,DE
6529,2025-10-09,NG
6530,2025-10-31,NG
6531,2025-10-06,DE
6532,2025-11-23,DE
6533,2025-10-28,UK
6534,2025-11-09,NG
6535,2025-11-16,UK
6536,2025-10-28,UK
6537,2025-11-27,NG
6538,2025-10-01,BR
6539,2025-11-12,BR
6540,2025-11-22,DE
6541,2025-11-06,NG
6542,2025-11-18,BR
6543,2025-11-11,IN
6544,2025-11-18,NG
6545,2025-11-30,UK
6546,2025-11-11,IN
6547,2025-10-30,DE
6548,2025-11-12,BR
6549,2025-11-16,UK
6550,2025-11-13,DE
6551,2025-11-14,UK
6552,2025-10-01,BR
6553,2025-10-03,UK
6554,2025-11-19,IN
6555,2025-11-05,BR
6556,2025-11-05,BR
6557,2025-11-02,IN
6558,2025-10-06,DE
6559,2025-11-26,BR
6560,2025-11-24,DE
6561,2025-10-27,DE
6562,2025-10-20,IN
6563,2025-10-25,NG
6564,2025-10-20,BR
6565,2025-11-12,UK
6566,2025-11-20,DE
6567,2025-11-18,DE
6568,2025-10-23,UK
6569,2025-11-03,DE
6570,2025-11-10,NG
6571,2025-10-13,NG
6572,2025-11-30,IN
6573,2025-10-18,IN
6574,2025-10-17,UK
6575,2025-10-31,BR
6576,2025-10-09,DE
6577,2025-10-01,DE
6578,2025-10-29,NG
6579,2025-11-01,DE
6580,2025-11-04,NG
6581,2025-11-15,NG
6582,2025-10-24,BR
6583,2025-10-13,UK
6584,2025-11-04,IN
6585,2025-10-31,UK
6586,2025-11-17,UK
6587,2025-10-26,NG
6588,2025-10-08,IN
6589,2025-11-01,IN
6590,2025-10-31,IN
6591,2025-10-13,BR
6592,2025-10-21,BR
6593,2025-10-02,IN
6594,2025-11-17,NG
6595,2025-11-27,IN
6596,2025-11-22,DE
6597,2025-11-13,IN
6598,2025-11-22,DE
6599,2025-11-09,NG
6600,2025-10-03,BR
6601,2025-11-03,IN
6602,2025-11-01,BR
6603,2025-10-04,IN
6604,2025-10-01,UK
6605,2025-11-11,DE
6606,2025-11-01,DE
6607,2025-10-08,DE
6608,2025-11-08,UK
6609,2025-11-13,NG
6610,2025-10-29,UK
6611,2025-11-15,BR
6612,2025-10-28,BR
6613,2025-10-07,UK
6614,2025-10-28,IN
6615,2025-11-03,NG
6616,2025-10-29,NG
6617,2025-10-27,NG
6618,2025-10-01,DE
6619,2025-10-19,UK
6620,2025-11-16,UK
6621,2025-10-08,BR
6622,2025-10-23,NG
6623,2025-10-23,UK
6624,2025-10-10,UK
6625,2025-10-07,BR
6626,2025-11-15,IN
6627,2025-11-19,IN
6628,2025-10-13,DE
6629,2025-11-10,BR
6630,2025-10-11,NG
6631,2025-10-21,UK
6632,2025-10-03,IN
6633,2025-11-13,IN
6634,2025-11-10,UK
6635,2025-10-02,BR
6636,2025-11-22,NG
6637,2025-11-16,NG
6638,2025-11-10,UK
6639,2025-10-15,DE
6640,2025-10-11,NG
6641,2025-11-15,IN
6642,2025-10-24,DE
6643,2025-11-09,BR
6644,2025-11-06,BR
6645,2025-10-26,NG
6646,2025-11-21,DE
6647,2025-10-13,DE
6648,2025-11-20,DE
6649,2025-11-30,UK
6650,2025-11-10,IN
6651,2025-10-02,UK
6652,2025-10-29,IN
6653,2025-11-24,NG
6654,2025-10-06,NG
6655,2025-11-24,IN
6656,2025-10-16,UK
6657,2025-10-29,NG
6658,2025-10-12,DE
6659,2025-10-10,DE
6660,2025-10-26,BR
6661,2025-11-27,BR
6662,2025-10-12,UK
6663,2025-10-26,DE
6664,2025-10-16,DE
6665,2025-10-13,DE
6666,2025-10-12,BR
6667,2025-10-05,UK
6668,2025-11-12,BR
6669,2025-10-21,BR
6670,2025-11-09,IN
6671,2025-10-24,BR
6672,2025-10-11,NG
6673,2025-11-08,DE
6674,2025-10-29,NG
6675,2025-11-30,BR
6676,2025-10-04,BR
6677,2025-11-24,IN
6678,2025-11-07,NG
6679,2025-11-26,BR
6680,2025-11-30,BR
6681,2025-11-14,NG
6682,2025-10-20,NG
6683,2025-10-03,UK
6684,2025-10-28,NG
6685,2025-11-18,UK
6686,2025-10-27,IN
6687,2025-11-21,UK
6688,2025-11-28,BR
6689,2025-10-19,DE
6690,2025-10-21,DE
6691,2025-11-24,NG
6692,2025-10-31,UK
6693,2025-11-06,NG
6694,2025-11-01,BR
6695,2025-11-04,IN
6696,2025-11-01,BR
6697,2025-10-03,UK
6698,2025-11-17,BR
6699,2025-10-31,IN
6700,2025-11-15,UK
6701,2025-10-17,NG
6702,2025-11-01,NG
6703,2025-11-07,IN
6704,2025-11-13,UK
6705,2025-10-07,DE
6706,2025-10-21,UK
6707,2025-11-03,NG
6708,2025-11-06,IN
6709,2025-10-21,DE
6710,2025-10-09,BR
6711,2025-11-22,UK
6712,2025-11-24,DE
6713,2025-11-01,UK
6714,2025-11-01,UK
6715,2025-11-24,NG
6716,2025-10-08,NG
6717,2025-11-10,UK
6718,2025-11-24,DE
6719,2025-10-16,IN
6720,2025-11-26,NG
6721,2025-11-04,DE
6722,2025-11-18,BR
6723,2025-10-08,UK
6724,2025-11-17,BR
6725,2025-11-28,DE
6726,2025-10-13,UK
6727,2025-11-02,NG
6728,2025-11-06,IN
6729,2025-11-25,IN
6730,2025-10-21,UK
6731,2025-11-05,IN
6732,2025-11-22,BR
6733,2025-11-27,NG
6734,2025-10-30,NG
6735,2025-11-28,IN
6736,2025-10-09,IN
6737,2025-11-03,IN
6738,2025-11-12,UK
6739,2025-11-20,UK
6740,2025-11-10,BR
6741,2025-11-23,NG
6742,2025-11-11,UK
6743,2025-11-20,IN
6744,2025-10-22,NG
6745,2025-11-30,BR
6746,2025-11-12,UK
6747,2025-10-07,UK
6748,2025-11-25,IN
6749,2025-10-08,IN
6750,2025-11-15,DE
6751,2025-10-04,BR
6752,2025-10-18,NG
6753,2025-11-24,IN
6754,2025-10-02,BR
6755,2025-10-19,BR
6756,2025-11-16,NG
6757,2025-11-25,IN
6758,2025-10-08,BR
6759,2025-10-07,UK
6760,2025-11-18,DE
6761,2025-11-20,DE
6762,2025-11-25,UK
6763,2025-10-10,NG
6764,2025-10-31,BR
6765,2025-10-24,UK
6766,2025-11-09,UK
6767,2025-10-22,DE
6768,2025-10-20,UK
6769,2025-10-28,DE
6770,2025-11-20,NG
6771,2025-10-03,IN
6772,2025-11-11,BR
6773,2025-10-17,UK
6774,2025-10-19,UK
6775,2025-10-16,UK
6776,2025-10-03,BR
6777,2025-10-25,NG
6778,2025-10-24,BR
6779,2025-11-24,BR
6780,2025-10-02,UK
6781,2025-10-03,BR
6782,2025-11-30,DE
6783,2025-11-20,DE
6784,2025-10-27,BR
6785,2025-11-07,NG
6786,2025-11-24,UK
6787,2025-10-16,BR
6788,2025-11-20,NG
6789,2025-11-14,NG
6790,2025-10-15,IN
6791,2025-11-05,NG
6792,2025-10-17,DE
6793,2025-11-07,BR
6794,2025-10-06,IN
6795,2025-10-23,UK
6796,2025-10-05,BR
6797,2025-10-10,BR
6798,2025-11-21,NG
6799,2025-11-02,UK
6800,2025-11-19,UK
6801,2025-10-01,DE
6802,2025-11-07,UK
6803,2025-10-21,IN
6804,2025-10-30,IN
6805,2025-10-28,NG
6806,2025-10-31,IN
6807,2025-11-07,UK
6808,2025-10-22,DE
6809,2025-10-15,NG
6810,2025-11-11,BR
6811,2025-11-03,IN
6812,2025-10-09,NG
6813,2025-11-03,IN
6814,2025-10-15,NG
6815,2025-10-30,DE
6816,2025-10-08,NG
6817,2025-10-22,DE
6818,2025-11-03,BR
6819,2025-10-08,BR
6820,2025-10-27,BR
6821,2025-11-21,IN
6822,2025-10-03,DE
6823,2025-10-31,BR
6824,2025-11-15,DE
6825,2025-10-06,DE
6826,2025-10-02,NG
6827,2025-11-01,NG
6828,2025-11-27,UK
6829,2025-11-14,IN
6830,2025-10-21,UK
6831,2025-10-05,NG
6832,2025-11-04,IN
6833,2025-10-06,NG
6834,2025-11-15,DE
6835,2025-11-09,IN
6836,2025-11-15,NG
6837,2025-10-07,DE
6838,2025-10-20,IN
6839,2025-10-20,NG
6840,2025-10-25,IN
6841,2025-10-13,DE
6842,2025-11-01,IN
6843,2025-11-24,IN
6844,2025-10-20,UK
6845,2025-10-18,UK
6846,2025-10-24,IN
6847,2025-11-24,BR
6848,2025-10-28,BR
6849,2025-10-11,IN
6850,2025-10-01,UK
6851,2025-10-14,IN
6852,2025-11-12,BR
6853,2025-10-08,DE
6854,2025-11-24,IN
6855,2025-10-28,NG
6856,2025-11-28,DE
6857,2025-11-18,DE
6858,2025-10-18,DE
6859,2025-10-21,NG
6860,2025-10-23,UK
6861,2025-10-26,BR
6862,2025-11-15,IN
6863,2025-11-09,IN
6864,2025-11-06,IN
6865,2025-11-17,DE
6866,2025-11-09,DE
6867,2025-11-10,IN
6868,2025-10-27,IN
6869,2025-10-21,UK
6870,2025-11-27,DE
6871,2025-10-01,UK
6872,2025-10-23,NG
6873,2025-10-17,DE
6874,2025-11-18,BR
6875,2025-10-08,NG
6876,2025-10-20,NG
6877,2025-11-05,UK
6878,2025-10-13,IN
6879,2025-11-25,BR
6880,2025-10-05,DE
6881,2025-10-28,BR
6882,2025-11-15,BR
6883,2025-10-26,IN
6884,2025-11-17,DE
6885,2025-10-25,NG
6886,2025-11-24,UK
6887,2025-10-10,NG
6888,2025-11-27,NG
6889,2025-10-11,NG
6890,2025-11-10,BR
6891,2025-10-16,NG
6892,2025-11-14,DE
6893,2025-11-01,IN
6894,2025-11-19,IN
6895,2025-11-16,BR
6896,2025-10-11,DE
6897,2025-10-19,DE
6898,2025-10-14,DE
6899,2025-11-13,DE
6900,2025-10-14,IN
6901,2025-11-22,BR
6902,2025-11-04,IN
6903,2025-10-27,UK
6904,2025-10-19,UK
6905,2025-11-16,IN
6906,2025-11-20,DE
6907,2025-11-05,BR
6908,2025-11-08,BR
6909,2025-10-04,NG
6910,2025-10-19,BR
6911,2025-11-08,NG
6912,2025-11-24,UK
6913,2025-11-10,DE
6914,2025-11-22,UK
6915,2025-11-02,DE
6916,2025-11-20,UK
6917,2025-10-30,IN
6918,2025-11-10,DE
6919,2025-11-18,DE
6920,2025-10-22,UK
6921,2025-11-23,DE
6922,2025-11-11,NG
6923,2025-10-13,DE
6924,2025-10-27,IN
6925,2025-11-16,IN
6926,2025-11-09,NG
6927,2025-11-21,DE
6928,2025-11-24,UK
6929,2025-10-11,UK
6930,2025-11-11,BR
6931,2025-10-07,UK
6932,2025-11-07,BR
6933,2025-10-20,DE
6934,2025-10-05,IN
6935,2025-10-27,NG
6936,2025-11-27,NG
6937,2025-11-04,IN
6938,2025-11-10,BR
6939,2025-11-20,UK
6940,2025-11-20,NG
6941,2025-11-22,IN
6942,2025-11-12,BR
6943,2025-10-29,UK
6944,2025-10-14,DE
6945,2025-10-14,UK
6946,2025-11-05,DE
6947,2025-11-01,UK
6948,2025-10-02,NG
6949,2025-10-09,IN
6950,2025-11-02,IN
6951,2025-11-13,NG
6952,2025-11-03,NG
6953,2025-11-20,UK
6954,2025-11-13,UK
6955,2025-10-08,DE
6956,2025-11-08,UK
6957,2025-11-25,UK
6958,2025-11-28,UK
6959,2025-11-08,IN
6960,2025-11-06,NG
6961,2025-11-15,IN
6962,2025-11-15,BR
6963,2025-10-05,DE
6964,2025-11-30,DE
6965,2025-10-29,IN
6966,2025-10-03,IN
6967,2025-10-24,BR
6968,2025-11-13,DE
6969,2025-10-17,IN
6970,2025-11-02,IN
6971,2025-10-25,NG
6972,2025-10-22,UK
6973,2025-10-12,UK
6974,2025-11-22,NG
6975,2025-10-10,NG
6976,2025-11-19,BR
6977,2025-10-24,IN
6978,2025-10-05,NG
6979,2025-11-14,IN
6980,2025-10-22,DE
6981,2025-11-20,BR
6982,2025-10-03,UK
6983,2025-10-15,BR
6984,2025-10-24,BR
6985,2025-11-23,UK
6986,2025-10-01,NG
6987,2025-11-09,NG
6988,2025-11-23,NG
6989,2025-10-24,NG
6990,2025-10-20,IN
6991,2025-11-24,UK
6992,2025-10-13,UK
6993,2025-11-13,DE
6994,2025-10-25,BR
6995,2025-11-23,BR
6996,2025-10-11,UK
6997,2025-11-01,NG
6998,2025-11-09,DE
6999,2025-11-21,NG
