player_id,signup_date,country,total_logins,avg_bet_size,payment_failure_rate,days_since_last_bet,churned
5000,2025-11-16,IN,77,427.3745259849284,0.01,6,0
5001,2025-10-08,IN,146,494.0078955495694,0.03,7,0
5002,2025-11-26,UK,29,6.748350477167828,0.04,18,1
5003,2025-10-27,BR,145,203.71251449160945,0.31,28,1
5004,2025-10-23,DE,104,378.7440640524976,0.03,6,0
5005,2025-11-23,BR,14,44.81710273115929,0.0,0,0
5006,2025-10-11,NG,81,294.02359104782045,0.02,2,0
5007,2025-11-26,DE,123,394.04636049306936,0.05,4,0
5008,2025-11-03,BR,97,161.01863820626002,0.01,5,0
5009,2025-11-25,BR,107,176.45037708086605,0.02,5,0
5010,2025-10-02,IN,78,28.462330210789244,0.0,4,0
5011,2025-11-26,NG,77,13.43034847902698,0.04,2,0
5012,2025-11-25,IN,102,352.5988170249799,0.05,4,0
5013,2025-11-25,UK,12,26.192379692112038,0.05,12,1
5014,2025-10-06,UK,3,42.18481212978231,0.32,20,1
5015,2025-11-18,IN,56,123.55000784173494,0.02,4,0
5016,2025-10-13,NG,83,227.87236121172612,0.03,4,0
5017,2025-10-28,IN,103,66.34670087701585,0.05,5,0
5018,2025-11-25,UK,41,39.96726538884674,0.01,17,1
5019,2025-10-29,DE,56,289.1502353265151,0.01,4,0
5020,2025-11-25,BR,42,23.17215009114551,0.13,27,1
5021,2025-10-20,NG,44,97.9785062095261,0.02,7,0
5022,2025-10-09,DE,50,112.2717567895534,0.02,6,0
5023,2025-11-09,UK,138,482.1207362059018,0.12,0,0
5024,2025-11-22,NG,48,46.39880427088494,0.03,19,1
5025,2025-11-13,UK,116,11.211844768090572,0.15,7,0
5026,2025-11-20,DE,137,55.053652771297294,0.03,6,0
5027,2025-11-03,NG,125,226.9777492382742,0.01,5,0
5028,2025-11-13,BR,99,20.72259866416616,0.17,1,0
5029,2025-11-10,DE,63,462.35292787072086,0.01,1,0
5030,2025-10-11,IN,123,468.2066273501569,0.04,3,0
5031,2025-11-02,NG,107,57.12507844365094,0.03,2,0
5032,2025-11-10,BR,44,23.34556954507481,0.03,1,0
5033,2025-11-27,IN,96,51.8923543009318,0.05,0,0
5034,2025-11-27,IN,92,415.963637494899,0.02,7,0
5035,2025-10-12,IN,144,180.43911651809668,0.01,6,0
5036,2025-11-06,DE,49,38.53440003718506,0.03,4,0
5037,2025-11-08,IN,103,43.65663777462884,0.01,0,0
5038,2025-10-13,UK,81,486.0727104549738,0.02,4,0
5039,2025-10-09,IN,48,34.70166719203351,0.01,3,0
5040,2025-10-22,UK,62,8.917525219104036,0.01,2,0
5041,2025-11-14,BR,135,498.725110090464,0.05,4,0
5042,2025-10-07,DE,107,141.08741552173478,0.01,1,0
5043,2025-10-26,NG,45,375.6152695382943,0.05,1,0
5044,2025-11-10,BR,67,409.95401682047554,0.04,1,0
5045,2025-10-21,UK,17,44.13874172400727,0.05,24,1
5046,2025-10-02,BR,127,192.6679777243852,0.04,4,0
5047,2025-10-25,IN,90,7.881623941877978,0.12,2,0
5048,2025-11-22,IN,78,335.6305996345627,0.33,28,1
5049,2025-11-27,DE,30,42.19365956394844,0.03,14,1
5050,2025-10-19,BR,1,13.814357908138074,0.19,28,1
5051,2025-10-30,UK,47,32.25727436881121,0.32,14,1
5052,2025-11-16,BR,67,414.18243541179913,0.03,2,0
5053,2025-10-14,BR,97,28.871199542309345,0.02,2,0
5054,2025-11-21,UK,13,34.51072732660461,0.0,1,0
5055,2025-10-30,NG,116,152.622609159047,0.07,1,0
5056,2025-10-03,DE,35,24.868335324127603,0.05,28,1
5057,2025-11-04,IN,133,477.86564726663113,0.14,4,0
5058,2025-10-21,UK,100,16.905155144940863,0.04,0,0
5059,2025-10-05,NG,121,178.0302443763299,0.01,0,0
5060,2025-11-30,IN,35,35.45988509289637,0.02,22,1
5061,2025-11-11,NG,138,19.86269719047815,0.04,1,0
5062,2025-10-23,NG,91,69.57267052792011,0.04,4,0
5063,2025-11-21,BR,136,15.675953312324362,0.0,1,0
5064,2025-10-26,DE,43,61.72404819433964,0.05,3,0
5065,2025-11-05,IN,69,11.655536830277484,0.0,4,0
5066,2025-10-15,DE,81,23.644755255226737,0.04,7,0
5067,2025-10-24,BR,46,30.791607611390077,0.35,30,1
5068,2025-10-20,BR,105,457.4144791260246,0.03,7,0
5069,2025-11-26,DE,56,454.3916298385743,0.32,25,1
5070,2025-11-16,NG,140,224.7286675430139,0.04,2,0
5071,2025-11-23,DE,61,462.8468581248541,0.02,2,0
5072,2025-11-07,DE,143,164.1873309057012,0.13,0,0
5073,2025-11-28,DE,87,39.4232597631347,0.01,1,0
5074,2025-11-01,UK,63,20.68632674567745,0.03,0,0
5075,2025-10-02,UK,40,12.859996356518282,0.05,5,0
5076,2025-11-18,IN,98,41.87307462723562,0.0,2,0
5077,2025-11-13,UK,91,244.89059023108643,0.04,1,0
5078,2025-11-10,IN,129,217.0482813362381,0.12,5,0
5079,2025-10-07,IN,104,396.72162096224736,0.02,0,0
5080,2025-11-19,DE,87,337.2910218876389,0.18,3,0
5081,2025-10-01,NG,17,49.10920531767406,0.01,3,0
5082,2025-10-20,NG,93,30.545130882568756,0.01,7,0
5083,2025-10-23,UK,88,148.54143988888177,0.0,0,0
5084,2025-11-02,DE,132,275.3912275357237,0.0,5,0
5085,2025-10-07,BR,13,23.74322436439809,0.04,24,1
5086,2025-10-23,DE,54,282.0155850534618,0.01,0,0
5087,2025-11-04,DE,69,249.5543909754734,0.04,3,0
5088,2025-10-30,IN,42,40.16931651887016,0.01,3,0
5089,2025-10-29,UK,33,11.049110040750762,0.09,3,0
5090,2025-10-25,IN,144,33.60719603112396,0.12,2,0
5091,2025-11-12,UK,46,49.915361153051954,0.04,13,1
5092,2025-11-01,NG,24,47.28820371908047,0.03,27,1
5093,2025-11-03,DE,31,5.429270787761651,0.04,29,1
5094,2025-11-07,DE,48,9.583818998556708,0.01,20,1
5095,2025-10-28,IN,112,138.7986824912621,0.04,5,0
5096,2025-10-31,BR,58,31.868043233415577,0.0,2,0
5097,2025-11-26,DE,51,171.81774708478846,0.02,0,0
5098,2025-10-09,BR,92,189.2577806112833,0.05,2,0
5099,2025-11-24,NG,101,273.7830940414405,0.01,5,0
5100,2025-11-01,IN,29,38.09251797897814,0.02,4,0
5101,2025-10-20,NG,105,260.2769543729268,0.04,1,0
5102,2025-11-06,UK,137,424.7811133069878,0.03,7,0
5103,2025-11-09,NG,73,148.56943120420436,0.04,7,0
5104,2025-11-16,DE,66,231.48657008596095,0.01,1,0
5105,2025-10-12,BR,64,412.5752535356186,0.01,0,0
5106,2025-11-20,DE,84,358.3648942879737,0.03,6,0
5107,2025-10-14,DE,3,49.46979188880578,0.03,7,0
5108,2025-10-11,UK,75,47.221100791097456,0.01,7,0
5109,2025-11-28,IN,91,353.2593711107961,0.02,5,0
5110,2025-10-28,UK,103,12.94148759431221,0.02,2,0
5111,2025-10-21,NG,8,40.56708012945372,0.36,18,1
5112,2025-10-02,NG,76,355.02832254980893,0.09,3,0
5113,2025-10-08,BR,46,30.963373145532294,0.04,3,0
5114,2025-11-03,NG,50,378.25726810413937,0.04,5,0
5115,2025-10-02,BR,84,15.304752501776862,0.3,24,1
5116,2025-11-25,DE,117,44.69278751767474,0.04,3,0
5117,2025-11-29,NG,130,450.5486115250074,0.03,2,0
5118,2025-10-16,IN,14,44.98042433705419,0.04,24,1
5119,2025-11-18,NG,3,37.27584329979963,0.02,17,1
5120,2025-11-14,IN,74,348.35828126931506,0.02,7,0
5121,2025-11-01,NG,3,11.420317467465098,0.03,9,1
5122,2025-11-20,DE,71,354.59331009918355,0.39,26,1
5123,2025-11-29,UK,118,455.6944251536624,0.04,5,0
5124,2025-11-29,UK,40,247.0894344850419,0.0,0,0
5125,2025-10-02,BR,136,32.15038959030172,0.03,2,0
5126,2025-11-23,NG,145,25.077273418798885,0.3,17,1
5127,2025-10-24,BR,15,42.6633994102558,0.21,23,1
5128,2025-11-20,BR,30,41.17365246326346,0.02,2,0
5129,2025-11-23,DE,59,11.109718148837292,0.32,9,1
5130,2025-10-07,NG,116,412.7651061092348,0.03,5,0
5131,2025-11-28,IN,47,56.90255638321216,0.01,5,0
5132,2025-11-21,IN,77,499.903973350528,0.01,5,0
5133,2025-10-04,BR,110,6.752743850875717,0.03,7,0
5134,2025-11-14,DE,115,397.3679524449132,0.15,3,0
5135,2025-11-22,DE,145,356.98570801068973,0.01,3,0
5136,2025-10-04,NG,86,33.706459382192165,0.04,3,0
5137,2025-10-27,NG,40,21.609023841047293,0.04,18,1
5138,2025-11-29,UK,45,218.5938271082904,0.03,0,0
5139,2025-11-20,BR,69,239.1741146707969,0.04,2,0
5140,2025-10-22,DE,37,38.98617567028288,0.02,9,1
5141,2025-11-16,UK,105,441.5728385905277,0.04,0,0
5142,2025-11-13,DE,109,468.9838021547773,0.08,1,0
5143,2025-11-07,NG,2,14.06461263810614,0.31,19,1
5144,2025-11-02,UK,11,13.45719861418101,0.01,12,1
5145,2025-11-03,IN,77,17.327659159214782,0.01,4,0
5146,2025-10-31,NG,76,127.77364958403118,0.04,4,0
5147,2025-11-17,BR,17,14.004214807765852,0.01,1,0
5148,2025-11-25,NG,47,121.5986810353656,0.11,0,0
5149,2025-10-21,BR,21,19.917244413321136,0.25,15,1
5150,2025-11-18,BR,30,38.1531668053385,0.04,22,1
5151,2025-11-04,BR,76,27.859858193045547,0.02,2,0
5152,2025-10-03,UK,121,160.0845336275396,0.03,7,0
5153,2025-11-16,UK,129,487.60905639800825,0.05,5,0
5154,2025-10-07,IN,78,29.68189177268368,0.04,7,0
5155,2025-11-05,DE,16,12.28904245665272,0.36,22,1
5156,2025-11-28,BR,108,439.7140487681698,0.12,5,0
5157,2025-11-24,UK,48,24.58696236680496,0.02,7,0
5158,2025-10-29,IN,4,32.19271487550299,0.02,18,1
5159,2025-10-26,NG,17,11.290141705219028,0.03,9,1
5160,2025-11-13,BR,29,32.10868634366405,0.36,22,1
5161,2025-10-05,NG,50,214.1787681029408,0.04,3,0
5162,2025-11-22,DE,81,425.34091024911055,0.01,1,0
5163,2025-10-09,DE,133,345.8851742685344,0.03,6,0
5164,2025-11-15,DE,44,208.54125345626176,0.05,7,0
5165,2025-10-02,NG,121,292.16320212175924,0.01,2,0
5166,2025-11-19,NG,60,86.94852318515575,0.03,2,0
5167,2025-11-27,IN,53,162.83799976275594,0.03,0,0
5168,2025-10-21,NG,15,28.06142444906966,0.38,30,1
5169,2025-10-31,UK,90,84.96077038550635,0.04,3,0
5170,2025-10-15,NG,115,11.599330920325368,0.04,4,0
5171,2025-10-04,UK,74,44.770581221351314,0.04,4,0
5172,2025-11-01,IN,15,34.75268163136104,0.01,1,0
5173,2025-10-27,NG,43,16.785082578356786,0.01,23,1
5174,2025-11-18,NG,34,32.753114062538785,0.0,1,0
5175,2025-11-17,NG,60,413.09244525528806,0.36,24,1
5176,2025-10-03,DE,109,375.9380094932074,0.0,5,0
5177,2025-10-12,NG,15,47.868014626912206,0.02,22,1
5178,2025-10-05,BR,78,42.138710885588,0.12,4,0
5179,2025-10-21,BR,66,12.976627140190782,0.03,1,0
5180,2025-10-24,IN,140,306.5880798152343,0.34,14,1
5181,2025-11-30,UK,83,27.21240283699297,0.0,3,0
5182,2025-11-16,NG,80,222.6058830402488,0.22,24,1
5183,2025-10-23,UK,114,44.67555633506687,0.01,2,0
5184,2025-11-27,BR,90,402.7603135027727,0.02,5,0
5185,2025-10-26,UK,138,141.6356506923924,0.04,3,0
5186,2025-10-16,DE,42,157.8546019127455,0.01,4,0
5187,2025-10-19,BR,64,231.7457664747029,0.01,0,0
5188,2025-11-06,DE,55,36.68604499793309,0.03,6,0
5189,2025-10-04,NG,17,37.12188425180148,0.03,25,1
5190,2025-10-02,DE,101,87.4149935802728,0.02,1,0
5191,2025-11-29,UK,16,18.61479027615589,0.05,20,1
5192,2025-10-08,UK,109,40.15758546318535,0.01,1,0
5193,2025-11-17,UK,126,278.8684752599413,0.04,6,0
5194,2025-11-03,NG,98,150.96301796962825,0.03,6,0
5195,2025-10-26,IN,72,24.604862063753835,0.0,3,0
5196,2025-10-03,UK,22,48.51511030048649,0.23,11,1
5197,2025-11-27,DE,17,8.79618022709618,0.01,30,1
5198,2025-11-30,BR,47,36.49850084953973,0.0,9,1
5199,2025-10-29,NG,94,25.01858239418694,0.27,28,1
5200,2025-10-28,NG,48,11.769049829173838,0.0,1,0
5201,2025-11-18,IN,111,114.28763681014392,0.04,4,0
5202,2025-10-23,IN,84,370.6970878127564,0.01,7,0
5203,2025-11-08,NG,111,7.329597757271726,0.0,6,0
5204,2025-10-19,BR,60,299.52760401870535,0.02,2,0
5205,2025-11-13,NG,97,343.0436319826534,0.02,3,0
5206,2025-10-04,IN,111,160.3551006828025,0.03,5,0
5207,2025-10-21,UK,112,269.5155233740717,0.0,0,0
5208,2025-11-16,IN,78,15.774027639640725,0.04,5,0
5209,2025-10-06,IN,36,39.043306275836265,0.04,2,0
5210,2025-10-29,NG,117,160.46292177389677,0.04,2,0
5211,2025-11-19,UK,17,20.295586902022208,0.05,21,1
5212,2025-11-09,IN,36,15.531983420379406,0.24,29,1
5213,2025-11-25,UK,6,45.392837776027406,0.0,4,0
5214,2025-10-24,BR,9,10.158504658023263,0.0,23,1
5215,2025-11-03,IN,36,42.61666658448346,0.02,1,0
5216,2025-10-15,UK,117,139.26740502954783,0.07,4,0
5217,2025-10-05,IN,71,57.03377264929151,0.03,4,0
5218,2025-11-17,DE,19,27.790187245810984,0.01,26,1
5219,2025-11-06,UK,141,396.3978868381776,0.04,3,0
5220,2025-10-06,IN,46,11.75925712012553,0.03,1,0
5221,2025-11-05,UK,2,7.548944694681742,0.01,29,1
5222,2025-10-01,BR,109,33.552330766044484,0.05,2,0
5223,2025-10-24,UK,93,79.70615704087047,0.28,19,1
5224,2025-10-18,IN,47,300.94858375967027,0.17,2,0
5225,2025-11-29,NG,103,49.27901980546056,0.3,8,1
5226,2025-11-26,NG,88,109.39072799829538,0.01,6,0
5227,2025-11-14,DE,64,57.19154960302799,0.02,0,0
5228,2025-11-14,DE,143,79.59785832687088,0.05,6,0
5229,2025-11-13,DE,142,329.5412141028869,0.13,6,0
5230,2025-11-30,DE,56,177.16960389867268,0.05,2,0
5231,2025-10-02,UK,128,16.03106559735719,0.04,0,0
5232,2025-11-15,DE,6,26.77932194521524,0.19,3,0
5233,2025-10-01,UK,117,278.51683581489783,0.03,3,0
5234,2025-10-18,UK,86,334.4890438211035,0.04,5,0
5235,2025-11-05,NG,49,12.655113887976734,0.04,30,1
5236,2025-11-23,IN,67,254.75174972730613,0.01,0,0
5237,2025-11-28,NG,8,28.967231440704936,0.01,6,0
5238,2025-11-17,BR,75,32.66586220483108,0.05,2,0
5239,2025-10-20,UK,92,14.143426683826572,0.01,2,0
5240,2025-11-09,DE,54,242.77701233397173,0.04,7,0
5241,2025-11-12,IN,99,218.4503301419057,0.03,4,0
5242,2025-11-13,UK,135,383.3853089937876,0.04,5,0
5243,2025-10-05,NG,55,90.6650110769814,0.01,0,0
5244,2025-11-24,DE,7,44.08581407916608,0.0,0,0
5245,2025-10-29,DE,24,9.96477518250634,0.31,21,1
5246,2025-10-18,BR,107,460.0444058262732,0.02,7,0
5247,2025-11-12,DE,77,19.694848619514453,0.04,7,0
5248,2025-10-24,BR,110,83.88232161319903,0.0,3,0
5249,2025-11-14,UK,43,431.8369860734463,0.05,1,0
5250,2025-11-07,UK,64,343.6398073261628,0.01,6,0
5251,2025-10-26,DE,49,34.42819562522561,0.03,2,0
5252,2025-10-24,UK,41,6.982106545854159,0.0,15,1
5253,2025-10-02,DE,62,136.3744661351861,0.01,3,0
5254,2025-11-05,BR,45,45.32961728873055,0.03,18,1
5255,2025-10-07,UK,96,48.31924370064909,0.04,1,0
5256,2025-10-18,IN,61,406.4029924380904,0.03,5,0
5257,2025-10-27,UK,75,30.32497217136575,0.2,9,1
5258,2025-11-13,NG,33,41.07360549318587,0.01,2,0
5259,2025-10-18,IN,76,398.92334958091993,0.0,3,0
5260,2025-11-18,BR,7,40.175488901400655,0.04,3,0
5261,2025-11-09,BR,16,34.67195560150984,0.05,30,1
5262,2025-10-30,DE,7,47.82191862802143,0.37,23,1
5263,2025-11-24,UK,39,37.56379384205424,0.04,25,1
5264,2025-11-30,NG,147,12.58012663632497,0.05,7,0
5265,2025-11-20,UK,3,14.685406426887043,0.01,17,1
5266,2025-10-08,NG,40,24.48962667094972,0.02,20,1
5267,2025-10-24,NG,43,27.32445009817224,0.01,5,0
5268,2025-11-16,IN,12,23.312398220254224,0.04,1,0
5269,2025-10-01,UK,59,31.94437383772538,0.02,3,0
5270,2025-11-24,UK,105,60.031078490556624,0.02,1,0
5271,2025-10-24,NG,68,8.304951837676215,0.01,3,0
5272,2025-11-06,BR,41,19.657612186188985,0.12,23,1
5273,2025-11-15,IN,86,268.44771674227013,0.02,3,0
5274,2025-10-24,BR,19,12.590378109092176,0.03,7,0
5275,2025-10-10,NG,125,8.202547305490027,0.03,2,0
5276,2025-11-05,BR,4,32.118520431929,0.04,20,1
5277,2025-11-12,NG,79,49.44602601163622,0.02,5,0
5278,2025-11-16,DE,145,406.867370305091,0.03,2,0
5279,2025-11-19,UK,22,17.543873811493846,0.12,23,1
5280,2025-10-11,NG,56,124.68198314296404,0.0,6,0
5281,2025-10-31,UK,90,7.755114893111028,0.24,16,1
5282,2025-10-22,DE,39,9.417991452539752,0.02,6,0
5283,2025-11-26,DE,92,119.35066226865573,0.04,6,0
5284,2025-11-19,IN,150,489.6396380162445,0.05,2,0
5285,2025-11-20,IN,68,62.84646356846419,0.03,2,0
5286,2025-11-14,IN,101,303.6600164446028,0.26,25,1
5287,2025-10-21,DE,17,31.43324643873446,0.01,28,1
5288,2025-10-19,IN,68,42.62376495191028,0.31,8,1
5289,2025-10-01,BR,141,94.86765248010047,0.0,5,0
5290,2025-10-19,NG,132,96.854348580767,0.01,1,0
5291,2025-11-15,DE,61,5.150696289270455,0.33,27,1
5292,2025-11-04,BR,27,7.439822727231458,0.02,25,1
5293,2025-10-18,IN,135,204.7878913570713,0.01,4,0
5294,2025-11-16,IN,26,36.26678163186881,0.01,26,1
5295,2025-10-18,NG,20,36.81661490586639,0.05,8,1
5296,2025-11-07,IN,26,46.25905458156935,0.19,1,0
5297,2025-11-23,IN,137,11.692159391238318,0.03,7,0
5298,2025-11-03,UK,101,28.507532907073895,0.05,6,0
5299,2025-11-20,UK,44,32.826797836575345,0.02,21,1
5300,2025-11-26,UK,3,39.02665820064881,0.05,27,1
5301,2025-10-04,DE,79,400.345627536198,0.03,0,0
5302,2025-10-16,NG,67,299.9506023333324,0.01,4,0
5303,2025-11-20,DE,44,37.5473297848404,0.02,12,1
5304,2025-10-09,IN,36,24.08399759128485,0.01,29,1
5305,2025-10-31,NG,134,182.0058674046403,0.15,1,0
5306,2025-11-09,BR,74,9.504397560929178,0.03,0,0
5307,2025-10-12,IN,86,33.29100715633582,0.02,7,0
5308,2025-10-10,DE,13,17.57744657476997,0.05,28,1
5309,2025-10-22,IN,120,8.094312737477651,0.04,3,0
5310,2025-10-02,DE,18,12.794986350903784,0.01,4,0
5311,2025-10-09,DE,30,21.105359609719677,0.03,24,1
5312,2025-11-24,DE,53,233.95966702966447,0.02,6,0
5313,2025-11-28,NG,41,287.5072086988362,0.01,5,0
5314,2025-11-03,NG,50,21.912453349029345,0.28,24,1
5315,2025-10-17,DE,93,26.000208444145372,0.03,1,0
5316,2025-11-30,DE,57,44.03265709904722,0.2,21,1
5317,2025-10-16,BR,114,201.08587326126664,0.02,3,0
5318,2025-11-07,NG,50,189.60953054224197,0.33,18,1
5319,2025-11-06,BR,12,20.73419479946161,0.03,0,0
5320,2025-10-10,NG,49,11.00236286573758,0.02,0,0
5321,2025-10-03,NG,88,88.62657171470457,0.02,7,0
5322,2025-11-05,IN,74,298.8764007283995,0.03,6,0
5323,2025-11-02,DE,76,155.57358604735856,0.05,3,0
5324,2025-11-07,BR,111,307.74011522241057,0.14,0,0
5325,2025-10-07,DE,29,18.700152150878157,0.04,6,0
5326,2025-11-11,UK,8,9.682958560873772,0.04,28,1
5327,2025-10-28,BR,4,32.216382450905755,0.05,21,1
5328,2025-11-17,BR,33,26.786926924608775,0.02,23,1
5329,2025-10-01,UK,70,332.4533593158297,0.02,2,0
5330,2025-10-26,UK,57,42.83890447639189,0.02,2,0
5331,2025-11-02,NG,98,40.64086578469575,0.02,2,0
5332,2025-11-05,BR,129,50.72799537697416,0.01,1,0
5333,2025-10-21,BR,78,362.7689134396167,0.32,14,1
5334,2025-10-30,UK,119,269.4351943159263,0.02,4,0
5335,2025-10-21,DE,98,113.39005716268204,0.04,5,0
5336,2025-10-19,NG,128,461.0553575541106,0.04,5,0
5337,2025-10-28,IN,73,166.2429646640193,0.0,0,0
5338,2025-11-02,DE,39,14.631433316013643,0.03,4,0
5339,2025-11-17,NG,76,56.20792125508541,0.28,17,1
5340,2025-10-05,BR,78,163.19356508835625,0.01,5,0
5341,2025-10-11,IN,103,165.997036893603,0.05,7,0
5342,2025-10-30,DE,112,42.62132510661811,0.02,5,0
5343,2025-11-19,UK,72,345.9644461654478,0.29,29,1
5344,2025-11-17,DE,136,110.38105239988792,0.26,27,1
5345,2025-10-07,NG,74,5.878825215359317,0.04,5,0
5346,2025-10-21,UK,102,16.09826617296285,0.39,28,1
5347,2025-10-18,IN,131,332.1271018992674,0.01,2,0
5348,2025-11-06,UK,26,21.602010039209585,0.01,13,1
5349,2025-11-27,DE,131,262.8992277552127,0.02,1,0
5350,2025-10-08,DE,111,354.81531688312384,0.03,3,0
5351,2025-10-23,UK,91,45.0175077002781,0.04,7,0
5352,2025-11-08,IN,81,114.53931455394464,0.04,4,0
5353,2025-10-17,NG,3,37.58502950927081,0.02,0,0
5354,2025-11-27,BR,26,24.21716343526719,0.0,12,1
5355,2025-10-10,UK,15,17.16616044945537,0.32,16,1
5356,2025-11-01,IN,56,62.443542910262025,0.03,6,0
5357,2025-10-01,UK,107,460.159995941483,0.0,7,0
5358,2025-11-10,IN,22,24.038182626589,0.17,0,0
5359,2025-11-30,BR,90,364.8902569144497,0.05,2,0
5360,2025-11-15,NG,91,432.3528323934677,0.04,3,0
5361,2025-11-11,IN,80,285.1850413659321,0.02,7,0
5362,2025-11-11,IN,38,21.45053079654603,0.03,21,1
5363,2025-11-03,DE,79,301.2229036144263,0.26,20,1
5364,2025-10-04,NG,25,28.730365267590223,0.01,14,1
5365,2025-10-19,IN,48,272.7141421611859,0.0,1,0
5366,2025-10-20,UK,59,42.53710660172564,0.03,4,0
5367,2025-11-27,NG,59,186.53701931914028,0.04,5,0
5368,2025-10-30,NG,46,143.63344398901097,0.04,5,0
5369,2025-11-25,BR,12,7.043644547134155,0.36,20,1
5370,2025-11-22,IN,75,65.03165902038222,0.03,5,0
5371,2025-10-02,DE,125,16.088008437201776,0.11,2,0
5372,2025-10-02,NG,61,97.94099463255723,0.03,2,0
5373,2025-11-06,IN,1,48.39212793402851,0.04,15,1
5374,2025-10-22,BR,67,250.52640283881505,0.03,5,0
5375,2025-11-26,IN,128,252.2549879312004,0.04,2,0
5376,2025-11-26,BR,8,5.36707058027556,0.32,25,1
5377,2025-10-10,UK,61,22.1912067588364,0.04,5,0
5378,2025-11-15,BR,29,6.469017769876432,0.04,3,0
5379,2025-11-25,NG,104,44.20923660185318,0.03,0,0
5380,2025-10-04,DE,144,304.224842195238,0.05,0,0
5381,2025-10-16,BR,148,98.55751525418952,0.04,0,0
5382,2025-11-11,UK,3,6.608233925243283,0.03,19,1
5383,2025-11-22,NG,48,27.3851076111818,0.04,2,0
5384,2025-10-13,DE,61,98.3652225136108,0.03,1,0
5385,2025-10-09,DE,82,71.65359894333375,0.05,5,0
5386,2025-10-27,IN,149,321.8144774002999,0.02,1,0
5387,2025-11-30,BR,137,103.15644731934812,0.03,3,0
5388,2025-11-13,BR,105,16.704903444919943,0.05,1,0
5389,2025-11-02,BR,41,34.95560409441411,0.04,16,1
5390,2025-11-06,DE,72,489.3515874417366,0.03,7,0
5391,2025-11-04,UK,79,479.395245792202,0.01,4,0
5392,2025-10-13,BR,150,327.9656559313628,0.0,5,0
5393,2025-11-12,IN,48,367.8129141580913,0.04,5,0
5394,2025-10-06,DE,49,12.387582502032586,0.03,17,1
5395,2025-10-25,NG,146,180.83666315576627,0.04,1,0
5396,2025-10-17,BR,143,351.8236796404337,0.18,5,0
5397,2025-11-07,UK,16,45.34119354308884,0.05,5,0
5398,2025-11-09,IN,125,477.0698311069858,0.03,7,0
5399,2025-11-01,UK,105,46.15406546497441,0.01,1,0
5400,2025-11-27,BR,76,46.90863305552792,0.03,6,0
5401,2025-11-06,DE,46,38.02294045740339,0.01,25,1
5402,2025-11-23,DE,9,6.887946955682116,0.34,19,1
5403,2025-10-06,NG,44,17.651677124274137,0.08,22,1
5404,2025-11-12,BR,45,267.9084704034128,0.02,6,0
5405,2025-11-18,IN,65,18.060222972035643,0.04,6,0
5406,2025-11-07,UK,138,224.11256303260728,0.02,4,0
5407,2025-10-01,BR,136,446.38971262716257,0.01,3,0
5408,2025-11-17,DE,118,408.4700539267499,0.04,4,0
5409,2025-11-10,BR,53,77.92787034963337,0.04,5,0
5410,2025-11-25,NG,60,43.60064017893225,0.01,0,0
5411,2025-10-31,UK,118,361.8082997696716,0.03,0,0
5412,2025-11-04,BR,90,315.3878243993532,0.02,3,0
5413,2025-11-16,NG,76,465.2353200492502,0.03,7,0
5414,2025-11-05,UK,18,20.65578163886301,0.02,24,1
5415,2025-11-24,BR,136,244.8400494183264,0.03,3,0
5416,2025-11-08,IN,118,16.30744257043842,0.16,0,0
5417,2025-11-16,DE,118,348.3052477805542,0.04,3,0
5418,2025-11-06,IN,6,37.296667333081,0.2,11,1
5419,2025-11-03,UK,8,22.063689276538888,0.0,21,1
5420,2025-10-01,DE,36,24.146386455109724,0.05,29,1
5421,2025-11-25,BR,32,44.11953197763904,0.01,26,1
5422,2025-10-17,IN,145,55.27892644069806,0.04,2,0
5423,2025-11-09,UK,126,492.1385349016589,0.12,5,0
5424,2025-10-07,DE,109,210.90310298661635,0.03,7,0
5425,2025-10-20,UK,59,48.1042484031483,0.01,3,0
5426,2025-10-11,BR,69,94.85898559222645,0.03,0,0
5427,2025-10-16,IN,42,7.96477996773112,0.01,2,0
5428,2025-10-23,IN,1,40.62670289756697,0.0,2,0
5429,2025-10-03,IN,109,399.848953450641,0.03,5,0
5430,2025-10-06,BR,81,420.418032282143,0.0,5,0
5431,2025-10-06,UK,149,89.97520325804135,0.02,4,0
5432,2025-11-15,UK,66,387.8794885914232,0.0,0,0
5433,2025-10-01,NG,58,34.38564787017167,0.05,1,0
5434,2025-10-06,NG,93,444.1108268685133,0.01,6,0
5435,2025-10-04,NG,49,9.851507324747622,0.31,15,1
5436,2025-11-06,DE,5,19.338777589078344,0.01,25,1
5437,2025-10-24,DE,37,30.061946136298868,0.02,26,1
5438,2025-11-21,BR,142,164.13081649449407,0.07,7,0
5439,2025-10-14,IN,73,15.891333096157668,0.02,4,0
5440,2025-11-21,BR,88,166.15267530320335,0.01,2,0
5441,2025-11-19,DE,42,124.12050981439862,0.04,3,0
5442,2025-11-21,UK,135,373.9578913838813,0.02,1,0
5443,2025-10-01,IN,26,20.20218798145395,0.05,30,1
5444,2025-10-27,UK,69,335.1943542121094,0.04,3,0
5445,2025-10-17,DE,51,65.39058094973942,0.0,1,0
5446,2025-11-20,IN,60,83.72450261654669,0.01,6,0
5447,2025-11-18,UK,14,31.211660642669376,0.05,16,1
5448,2025-10-13,BR,85,79.03961533150594,0.05,0,0
5449,2025-11-18,DE,43,43.1731463466926,0.0,0,0
5450,2025-11-20,DE,91,481.6738690727345,0.04,1,0
5451,2025-11-15,NG,59,438.1816995080768,0.0,7,0
5452,2025-10-08,IN,62,36.24859886891363,0.03,1,0
5453,2025-11-15,DE,145,23.648033249974,0.02,5,0
5454,2025-10-02,IN,49,38.73059907596801,0.1,3,0
5455,2025-10-15,IN,34,27.94835280970988,0.01,14,1
5456,2025-10-27,NG,88,415.6158767646621,0.01,5,0
5457,2025-10-11,IN,65,105.11675025396536,0.13,6,0
5458,2025-11-17,DE,147,45.59922993985368,0.03,5,0
5459,2025-10-10,IN,99,192.1512825769647,0.02,4,0
5460,2025-10-02,BR,19,42.12447954170589,0.05,4,0
5461,2025-11-09,IN,17,45.86147860558592,0.19,12,1
5462,2025-10-16,IN,142,397.35681032073074,0.02,0,0
5463,2025-10-17,DE,90,213.53249759541595,0.01,4,0
5464,2025-10-28,DE,5,43.71699153835274,0.04,13,1
5465,2025-11-13,BR,55,6.16754214420483,0.02,7,0
5466,2025-10-07,NG,122,47.6004042122638,0.04,2,0
5467,2025-10-06,IN,123,295.7846075555456,0.02,1,0
5468,2025-10-09,BR,110,113.14330627450624,0.03,3,0
5469,2025-10-05,BR,145,17.437533661395896,0.23,19,1
5470,2025-11-09,IN,92,318.3970478214663,0.37,29,1
5471,2025-11-24,DE,45,63.76929107666215,0.02,1,0
5472,2025-10-18,IN,99,27.693314936483706,0.01,4,0
5473,2025-10-12,NG,133,305.3286193856269,0.02,4,0
5474,2025-10-15,IN,110,149.81747067056915,0.0,4,0
5475,2025-10-23,NG,23,28.713349422055053,0.3,10,1
5476,2025-11-10,BR,7,29.266076455443944,0.0,9,1
5477,2025-10-14,DE,39,25.54479852541372,0.04,8,1
5478,2025-10-09,DE,43,98.5880354812236,0.38,22,1
5479,2025-11-10,UK,65,109.67806936977657,0.04,5,0
5480,2025-10-29,BR,3,21.41876835206407,0.35,29,1
5481,2025-10-28,IN,72,448.71413962026935,0.02,2,0
5482,2025-10-31,BR,120,181.6498387391389,0.1,4,0
5483,2025-11-08,BR,144,46.11777003165547,0.03,0,0
5484,2025-11-10,UK,34,39.10938847182917,0.0,20,1
5485,2025-11-08,UK,40,19.20228614475831,0.02,14,1
5486,2025-10-10,UK,28,13.73200926914889,0.0,18,1
5487,2025-11-14,IN,46,331.867407959315,0.05,0,0
5488,2025-11-20,DE,47,49.20739991562879,0.0,6,0
5489,2025-10-29,BR,104,156.60831513911552,0.32,30,1
5490,2025-11-28,BR,102,380.36454337979137,0.04,7,0
5491,2025-10-04,IN,18,11.036355905527405,0.24,27,1
5492,2025-10-30,UK,125,221.29789129855112,0.03,4,0
5493,2025-10-25,BR,33,39.75047087305536,0.29,14,1
5494,2025-11-20,BR,111,138.93202484096764,0.0,2,0
5495,2025-10-21,IN,17,23.815613241920207,0.28,19,1
5496,2025-11-09,DE,54,347.480146906063,0.04,0,0
5497,2025-10-13,NG,51,8.370449351059747,0.05,6,0
5498,2025-10-23,UK,140,231.0612902494749,0.37,17,1
5499,2025-10-07,DE,101,95.81970501490228,0.01,4,0
5500,2025-11-22,BR,35,28.224712730870014,0.17,13,1
5501,2025-11-26,IN,122,111.35879796100232,0.01,1,0
5502,2025-10-31,DE,88,389.3893647832222,0.03,1,0
5503,2025-11-25,UK,13,16.47410806701361,0.05,7,0
5504,2025-10-28,UK,102,243.4323739486086,0.03,7,0
5505,2025-11-06,IN,14,17.872240864934177,0.03,22,1
5506,2025-10-16,IN,43,44.29048961289822,0.02,14,1
5507,2025-11-05,DE,130,221.79163412164488,0.03,2,0
5508,2025-11-17,DE,119,162.19079508790367,0.01,6,0
5509,2025-11-13,NG,126,363.97971305879855,0.28,18,1
5510,2025-10-05,NG,61,193.7956056283248,0.02,1,0
5511,2025-10-29,IN,107,264.86905219622366,0.37,10,1
5512,2025-11-22,NG,2,48.96237376708758,0.01,13,1
5513,2025-11-18,NG,15,47.99428548927399,0.02,1,0
5514,2025-11-22,NG,81,380.9911843928042,0.02,6,0
5515,2025-10-09,BR,146,77.67886974636625,0.03,4,0
5516,2025-11-01,NG,92,159.31821092417997,0.02,0,0
5517,2025-10-13,NG,116,69.97287252208542,0.02,2,0
5518,2025-10-18,IN,51,316.3442341528751,0.0,5,0
5519,2025-10-12,NG,121,357.650740564016,0.01,7,0
5520,2025-11-08,IN,149,392.3902747990159,0.04,2,0
5521,2025-11-07,IN,27,22.502933825863096,0.18,11,1
5522,2025-10-10,IN,105,352.749205468761,0.0,2,0
5523,2025-10-16,NG,30,13.94618619720843,0.15,11,1
5524,2025-11-21,NG,148,220.16364871517635,0.03,3,0
5525,2025-10-15,BR,40,5.190405683296961,0.01,7,0
5526,2025-11-29,UK,112,416.84008524604417,0.03,2,0
5527,2025-11-16,NG,37,37.86976209665959,0.03,2,0
5528,2025-11-25,IN,150,262.1651048852167,0.01,4,0
5529,2025-11-12,IN,79,235.63994659909315,0.05,7,0
5530,2025-11-17,UK,105,145.12591815146487,0.02,6,0
5531,2025-10-01,BR,51,419.2423934454008,0.01,2,0
5532,2025-11-11,BR,97,255.47671368583676,0.02,2,0
5533,2025-10-03,UK,92,399.6385192887302,0.01,7,0
5534,2025-10-15,IN,114,66.24943485428696,0.05,7,0
5535,2025-11-21,BR,109,432.2018124585793,0.03,0,0
5536,2025-11-19,DE,94,203.86167243140437,0.05,3,0
5537,2025-10-11,UK,31,31.80722652979004,0.1,19,1
5538,2025-11-24,NG,48,15.591951861554056,0.05,21,1
5539,2025-11-02,BR,117,308.97904398218867,0.05,1,0
5540,2025-10-20,NG,13,32.5672475521737,0.01,25,1
5541,2025-11-10,DE,83,310.3007361969146,0.05,3,0
5542,2025-11-03,NG,143,132.86582591162943,0.06,3,0
5543,2025-11-21,DE,59,42.51949468340782,0.0,4,0
5544,2025-11-28,NG,38,7.756238947172648,0.03,0,0
5545,2025-11-15,UK,101,241.25357370237936,0.02,1,0
5546,2025-11-10,UK,115,402.9883897419454,0.04,0,0
5547,2025-10-22,NG,47,364.148021630939,0.04,6,0
5548,2025-11-09,DE,43,24.83987751558588,0.04,18,1
5549,2025-11-12,NG,26,20.54196026851217,0.0,13,1
5550,2025-10-17,BR,41,19.985949718185243,0.01,12,1
5551,2025-10-31,DE,51,340.3097414922167,0.36,21,1
5552,2025-10-24,UK,119,21.15086019450412,0.0,3,0
5553,2025-11-24,UK,32,24.281966009903584,0.02,13,1
5554,2025-10-15,UK,41,8.001662066081039,0.03,0,0
5555,2025-10-29,BR,41,21.91402705032999,0.03,1,0
5556,2025-11-24,IN,7,37.7808239947804,0.01,14,1
5557,2025-11-07,BR,72,204.24524306405084,0.02,2,0
5558,2025-10-18,UK,88,481.7382153631327,0.03,3,0
5559,2025-11-20,BR,110,7.805179148534008,0.0,6,0
5560,2025-10-31,BR,140,12.101860749555916,0.03,5,0
5561,2025-10-29,IN,43,26.64637195443011,0.03,1,0
5562,2025-11-27,BR,142,18.8304931939224,0.04,1,0
5563,2025-11-29,UK,118,248.27842156336055,0.02,5,0
5564,2025-10-13,UK,15,22.83167795366177,0.11,0,0
5565,2025-11-04,UK,14,26.754126702568826,0.01,28,1
5566,2025-11-29,BR,77,36.99121238589339,0.17,7,0
5567,2025-10-29,IN,14,49.33090828443453,0.01,21,1
5568,2025-10-01,DE,75,141.29915728383915,0.03,2,0
5569,2025-10-25,DE,123,258.15163697773363,0.02,3,0
5570,2025-11-02,BR,12,21.65159826634396,0.03,30,1
5571,2025-10-27,BR,90,69.20457636394647,0.04,4,0
5572,2025-11-04,DE,5,16.894190214912978,0.01,9,1
5573,2025-10-06,DE,8,29.50307437760322,0.02,21,1
5574,2025-11-20,DE,74,213.23579000223023,0.01,5,0
5575,2025-10-17,IN,50,15.542647468074048,0.05,1,0
5576,2025-10-31,DE,37,35.395967204535964,0.03,1,0
5577,2025-10-27,NG,37,37.767565162685074,0.39,20,1
5578,2025-10-14,IN,28,21.200657602497955,0.01,2,0
5579,2025-11-21,UK,49,23.73287916726025,0.05,12,1
5580,2025-11-10,NG,34,38.52749887782878,0.03,4,0
5581,2025-11-03,BR,55,420.4643127017466,0.03,3,0
5582,2025-10-01,IN,48,42.947485729417885,0.03,25,1
5583,2025-10-31,DE,41,490.4695563852,0.03,1,0
5584,2025-10-10,IN,26,24.637348474881385,0.05,4,0
5585,2025-11-23,DE,109,208.45253184262188,0.0,3,0
5586,2025-11-10,BR,128,19.316235768969864,0.01,6,0
5587,2025-10-23,IN,12,35.57979810236672,0.04,6,0
5588,2025-10-23,NG,5,22.35945871979632,0.01,7,0
5589,2025-11-25,BR,35,21.15934367936146,0.07,13,1
5590,2025-11-05,DE,84,109.31834952879032,0.05,7,0
5591,2025-11-12,NG,3,21.274020293315107,0.0,0,0
5592,2025-11-21,BR,137,77.26898372755839,0.01,0,0
5593,2025-10-31,IN,40,40.63164023267676,0.3,12,1
5594,2025-10-19,DE,141,49.00641201536599,0.03,2,0
5595,2025-10-19,BR,44,39.39524544353746,0.0,5,0
5596,2025-11-02,UK,137,138.44366389040516,0.17,4,0
5597,2025-11-29,DE,72,8.70080778406578,0.01,3,0
5598,2025-10-03,NG,111,488.3874348639519,0.33,8,1
5599,2025-10-20,DE,80,7.38620703565395,0.0,7,0
5600,2025-11-18,DE,141,23.642753885154125,0.05,4,0
5601,2025-11-05,DE,48,82.32384530080033,0.38,11,1
5602,2025-10-09,DE,132,104.41281427755668,0.04,0,0
5603,2025-11-07,NG,48,27.95568406324404,0.01,5,0
5604,2025-11-02,IN,147,456.9100449493856,0.03,7,0
5605,2025-10-16,NG,55,452.1969495940944,0.34,24,1
5606,2025-10-15,IN,123,366.11952879566286,0.02,3,0
5607,2025-10-11,IN,95,248.72681381562347,0.02,1,0
5608,2025-11-10,NG,3,18.358337458440857,0.02,5,0
5609,2025-11-24,BR,21,44.38189729871643,0.02,25,1
5610,2025-11-21,NG,8,34.80541339119793,0.05,30,1
5611,2025-11-19,BR,83,393.8253409655367,0.0,5,0
5612,2025-11-17,DE,102,110.57693794831768,0.0,4,0
5613,2025-10-28,IN,45,38.96700821482142,0.03,20,1
5614,2025-10-14,DE,114,398.6195569926535,0.33,17,1
5615,2025-10-11,BR,47,27.59136016771521,0.15,8,1
5616,2025-10-14,NG,26,18.3022523719519,0.02,8,1
5617,2025-10-05,IN,96,156.5858074959962,0.05,1,0
5618,2025-10-10,UK,135,313.8714746438564,0.04,7,0
5619,2025-11-04,BR,59,398.4206515158359,0.05,2,0
5620,2025-11-08,IN,121,34.44940761727722,0.03,5,0
5621,2025-11-05,NG,103,269.4642652896215,0.01,1,0
5622,2025-11-24,IN,137,494.2044922596339,0.05,6,0
5623,2025-10-27,BR,51,191.90550890715176,0.04,5,0
5624,2025-11-15,NG,65,28.850650948644528,0.03,7,0
5625,2025-11-18,UK,88,363.7646817219068,0.0,3,0
5626,2025-11-28,NG,141,262.585136543877,0.02,5,0
5627,2025-11-30,BR,44,44.03028635197672,0.03,1,0
5628,2025-11-07,NG,53,466.863417192172,0.0,4,0
5629,2025-11-21,NG,3,37.73074105587462,0.03,18,1
5630,2025-10-19,BR,84,64.20454137445189,0.03,0,0
5631,2025-10-23,NG,4,21.50874844265136,0.31,21,1
5632,2025-11-04,DE,33,19.88827954492584,0.01,17,1
5633,2025-10-30,UK,11,6.220616693092861,0.02,15,1
5634,2025-10-10,NG,84,289.7845424013974,0.01,7,0
5635,2025-10-22,DE,53,300.1919583818608,0.03,7,0
5636,2025-10-10,NG,34,48.11443722651251,0.04,23,1
5637,2025-11-07,DE,90,449.71678819848665,0.04,7,0
5638,2025-11-18,IN,41,14.593789526318467,0.01,27,1
5639,2025-10-05,DE,45,361.7741681794645,0.01,1,0
5640,2025-11-20,UK,101,14.227607668584998,0.04,0,0
5641,2025-11-07,NG,147,332.4926564134566,0.02,0,0
5642,2025-10-05,NG,29,43.762535921341126,0.01,27,1
5643,2025-10-29,BR,104,381.38438826999,0.0,3,0
5644,2025-11-12,DE,56,498.3793697455762,0.2,23,1
5645,2025-11-02,NG,39,20.145472538502148,0.02,27,1
5646,2025-11-03,BR,76,308.77394246602785,0.04,3,0
5647,2025-11-22,BR,11,7.186746530990003,0.04,30,1
5648,2025-11-09,NG,88,243.6877986231937,0.0,7,0
5649,2025-10-13,DE,116,76.55253793862587,0.0,0,0
5650,2025-10-21,BR,49,391.8188183377324,0.03,5,0
5651,2025-11-12,IN,55,24.81960763260385,0.02,3,0
5652,2025-11-27,DE,116,86.47601547980548,0.01,0,0
5653,2025-11-10,NG,89,395.8689177361992,0.01,2,0
5654,2025-10-06,NG,50,47.269962625747496,0.01,12,1
5655,2025-10-29,NG,97,281.6481139337777,0.35,24,1
5656,2025-11-23,NG,25,40.72671518408232,0.0,12,1
5657,2025-10-06,NG,141,250.00333976438603,0.04,2,0
5658,2025-10-08,UK,46,12.12831184170732,0.03,26,1
5659,2025-10-25,IN,136,85.10833948110965,0.04,0,0
5660,2025-11-16,IN,73,124.13323635379903,0.05,7,0
5661,2025-11-21,UK,106,482.7308564540752,0.03,2,0
5662,2025-11-14,IN,34,35.76845306221482,0.15,6,0
5663,2025-10-22,DE,84,487.3362257909623,0.0,7,0
5664,2025-10-17,UK,15,10.180399500371188,0.02,20,1
5665,2025-11-06,UK,4,44.79170875656053,0.03,23,1
5666,2025-11-19,IN,83,170.32911008613132,0.05,6,0
5667,2025-10-22,BR,48,33.70443547170818,0.03,28,1
5668,2025-11-05,NG,126,133.70037753619442,0.04,7,0
5669,2025-10-20,DE,136,35.623962692019404,0.02,3,0
5670,2025-10-28,DE,44,54.66845780736982,0.03,4,0
5671,2025-10-05,UK,118,120.12105078075275,0.04,7,0
5672,2025-11-17,IN,24,16.73878423264874,0.03,27,1
5673,2025-10-27,UK,50,319.27396334051167,0.04,7,0
5674,2025-10-01,BR,72,152.3810822921995,0.04,4,0
5675,2025-10-02,DE,127,203.23320572846387,0.02,3,0
5676,2025-10-30,DE,6,17.112854669182866,0.03,14,1
5677,2025-10-23,UK,63,136.50704878897812,0.01,3,0
5678,2025-10-01,UK,133,98.84084905710436,0.01,6,0
5679,2025-10-30,DE,22,19.119581898491116,0.04,25,1
5680,2025-10-24,UK,124,183.21391788930745,0.4,18,1
5681,2025-11-15,NG,12,5.505421331066802,0.02,27,1
5682,2025-10-06,DE,92,432.5290298492317,0.02,1,0
5683,2025-11-10,BR,21,46.11767657982513,0.02,6,0
5684,2025-11-25,UK,88,48.73558947734969,0.03,4,0
5685,2025-11-29,BR,73,17.730224064473113,0.02,5,0
5686,2025-10-05,DE,41,90.15673451871548,0.17,0,0
5687,2025-11-13,IN,112,203.3045030253869,0.37,23,1
5688,2025-10-19,BR,45,487.5018355938996,0.02,0,0
5689,2025-11-17,IN,42,203.4292177052937,0.31,11,1
5690,2025-10-27,DE,125,282.25576255349665,0.04,3,0
5691,2025-10-22,IN,6,35.10959412404053,0.05,27,1
5692,2025-10-02,UK,121,351.2233167969391,0.05,0,0
5693,2025-10-30,NG,50,70.7140878234109,0.02,5,0
5694,2025-11-24,DE,116,468.8675560761175,0.01,4,0
5695,2025-11-06,DE,53,35.129653104572725,0.03,5,0
5696,2025-10-04,DE,142,254.5740422803386,0.04,0,0
5697,2025-10-04,IN,138,95.44469809716772,0.03,4,0
5698,2025-10-27,DE,126,442.91865784817145,0.01,1,0
5699,2025-10-30,UK,121,477.41599188577646,0.02,5,0
5700,2025-11-21,DE,56,190.2065415201047,0.0,7,0
5701,2025-11-02,NG,56,15.230532498774547,0.01,5,0
5702,2025-10-16,NG,148,46.14065406027257,0.02,6,0
5703,2025-11-24,NG,46,22.19772638480664,0.01,19,1
5704,2025-10-09,BR,11,23.687627286487636,0.31,9,1
5705,2025-11-18,NG,54,145.09622250261438,0.01,0,0
5706,2025-11-19,BR,92,441.3768779166567,0.01,3,0
5707,2025-10-01,DE,78,35.51496482908355,0.04,7,0
5708,2025-11-19,IN,30,9.018095945403925,0.01,27,1
5709,2025-10-26,IN,143,273.3487365744495,0.01,0,0
5710,2025-11-04,BR,48,49.50776300511739,0.03,2,0
5711,2025-11-08,IN,41,27.703128546164365,0.02,27,1
5712,2025-10-16,BR,129,277.5189281273477,0.38,16,1
5713,2025-11-09,NG,48,486.8065422231029,0.01,3,0
5714,2025-10-26,IN,21,26.987602220640508,0.23,20,1
5715,2025-10-01,BR,80,455.24487858264456,0.03,5,0
5716,2025-10-25,IN,92,24.79007992483337,0.03,1,0
5717,2025-10-30,BR,79,71.83521500355288,0.04,3,0
5718,2025-11-29,UK,149,72.03246748653464,0.16,0,0
5719,2025-11-04,DE,47,28.68837638682409,0.0,7,0
5720,2025-10-06,BR,80,367.70587621378274,0.0,0,0
5721,2025-11-25,NG,8,25.67161328206516,0.05,20,1
5722,2025-10-01,DE,38,32.52709323415225,0.01,20,1
5723,2025-11-28,IN,33,9.07952288683274,0.04,3,0
5724,2025-11-17,NG,24,46.535897353156805,0.01,1,0
5725,2025-10-19,UK,78,13.72366463286098,0.03,7,0
5726,2025-10-31,BR,46,116.81650302904714,0.01,7,0
5727,2025-10-25,UK,14,5.660881555378528,0.01,6,0
5728,2025-10-15,IN,76,17.756317944744808,0.01,0,0
5729,2025-10-25,NG,41,42.47689155138518,0.0,16,1
5730,2025-11-10,DE,111,184.27732630198972,0.05,0,0
5731,2025-11-28,BR,132,28.4759561310034,0.19,5,0
5732,2025-10-20,IN,90,331.0083265590473,0.04,6,0
5733,2025-11-04,DE,53,126.43036446868992,0.03,5,0
5734,2025-10-04,UK,28,38.10607307147754,0.01,15,1
5735,2025-11-08,UK,61,466.1434127382193,0.04,7,0
5736,2025-10-26,UK,12,17.348819837526882,0.01,29,1
5737,2025-10-09,UK,41,14.439732132741105,0.02,6,0
5738,2025-11-22,IN,82,411.8587453747298,0.04,0,0
5739,2025-10-29,IN,18,31.06565699908485,0.02,25,1
5740,2025-11-29,IN,109,394.3283119090341,0.05,0,0
5741,2025-11-30,DE,90,89.12853149533828,0.0,7,0
5742,2025-11-03,DE,119,315.19354524046594,0.0,3,0
5743,2025-10-07,DE,128,262.07802980971576,0.0,3,0
5744,2025-10-15,IN,122,38.23128642375676,0.01,2,0
5745,2025-10-04,UK,38,36.82434306269001,0.02,11,1
5746,2025-10-26,IN,130,191.4091021897721,0.04,7,0
5747,2025-10-25,NG,120,23.958393467395503,0.04,3,0
5748,2025-10-30,UK,84,395.92182237576384,0.05,4,0
5749,2025-10-15,UK,104,317.45240469594063,0.0,7,0
5750,2025-10-04,UK,62,216.10924233648225,0.37,22,1
5751,2025-11-07,NG,78,401.1031962030671,0.03,7,0
5752,2025-10-30,BR,108,12.973574349353504,0.02,3,0
5753,2025-11-22,DE,71,189.72669799060628,0.13,7,0
5754,2025-10-04,BR,99,34.160857673153146,0.0,5,0
5755,2025-11-24,NG,40,17.624166466361736,0.1,7,0
5756,2025-11-12,BR,134,27.740644808086923,0.0,5,0
5757,2025-10-04,BR,48,14.15646840842801,0.01,23,1
5758,2025-10-31,IN,79,287.6115399114093,0.02,6,0
5759,2025-10-02,BR,75,84.75811942345581,0.0,7,0
5760,2025-10-09,IN,136,472.55983536602463,0.03,3,0
5761,2025-11-05,UK,93,48.94369851670369,0.01,6,0
5762,2025-11-02,BR,81,418.0297290634849,0.04,1,0
5763,2025-10-08,DE,30,35.01112227334551,0.02,6,0
5764,2025-10-28,DE,111,38.667271547104846,0.01,3,0
5765,2025-10-03,NG,41,225.6307578206314,0.04,6,0
5766,2025-10-07,NG,40,443.8139639029652,0.03,2,0
5767,2025-11-08,NG,85,470.0567844784412,0.02,2,0
5768,2025-11-28,DE,47,34.95331195201226,0.05,12,1
5769,2025-10-27,IN,41,299.4536205339026,0.03,5,0
5770,2025-11-17,UK,72,59.56266385404273,0.12,6,0
5771,2025-10-28,IN,145,481.21913239022496,0.03,7,0
5772,2025-10-31,IN,118,470.16795447121336,0.01,2,0
5773,2025-11-01,DE,84,53.305226051253534,0.01,2,0
5774,2025-10-11,BR,32,47.18591917498266,0.02,20,1
5775,2025-10-29,BR,61,20.10233411774135,0.03,2,0
5776,2025-10-07,NG,49,115.89558801748365,0.04,5,0
5777,2025-11-18,IN,103,471.145592894955,0.32,11,1
5778,2025-10-21,DE,34,35.250551782524305,0.32,10,1
5779,2025-11-29,BR,102,32.80132584690408,0.16,5,0
5780,2025-10-14,DE,18,6.565638558395456,0.04,15,1
5781,2025-10-18,BR,65,49.188903515624816,0.23,25,1
5782,2025-10-22,IN,78,57.37980812874965,0.02,3,0
5783,2025-11-11,DE,120,197.1199697766617,0.04,7,0
5784,2025-10-06,UK,65,478.9945669619378,0.26,29,1
5785,2025-11-23,DE,13,35.024755756148835,0.02,26,1
5786,2025-10-09,NG,36,11.914148281589908,0.0,24,1
5787,2025-11-27,NG,142,40.37533920368735,0.03,6,0
5788,2025-11-06,BR,77,14.833233412843668,0.03,2,0
5789,2025-11-17,NG,107,332.18533327353447,0.02,2,0
5790,2025-10-21,DE,116,283.5518917073361,0.01,3,0
5791,2025-11-27,DE,46,65.78484276998579,0.02,7,0
5792,2025-10-02,NG,29,6.899923296585353,0.04,8,1
5793,2025-10-09,UK,141,347.5784828572983,0.02,5,0
5794,2025-10-18,UK,54,293.5365412632941,0.02,3,0
5795,2025-11-16,UK,51,258.2148949436887,0.03,5,0
5796,2025-10-01,UK,42,14.245254635755115,0.03,5,0
5797,2025-10-23,UK,119,451.9220965817486,0.03,6,0
5798,2025-10-07,NG,74,459.8414433409504,0.0,6,0
5799,2025-11-19,DE,75,425.2972568188302,0.0,7,0
5800,2025-10-21,BR,10,24.06556803559233,0.04,3,0
5801,2025-11-20,IN,114,24.381293040365744,0.01,1,0
5802,2025-10-14,IN,130,44.5756761930458,0.02,7,0
5803,2025-10-11,NG,41,36.63591492106656,0.02,4,0
5804,2025-11-19,BR,25,33.59079369028616,0.02,3,0
5805,2025-10-08,DE,18,5.526607707591553,0.02,19,1
5806,2025-10-09,UK,52,297.6790979761263,0.18,7,0
5807,2025-11-17,NG,46,26.901689731624646,0.34,22,1
5808,2025-10-07,UK,129,178.073167775695,0.01,3,0
5809,2025-10-12,BR,93,399.2122831227753,0.03,5,0
5810,2025-10-07,DE,47,64.32253780434331,0.16,0,0
5811,2025-11-16,DE,56,460.32113117699095,0.05,5,0
5812,2025-10-27,IN,95,467.8580626014674,0.01,6,0
5813,2025-11-11,NG,72,85.92680730943405,0.02,0,0
5814,2025-10-13,BR,122,198.97558910299537,0.05,7,0
5815,2025-11-29,IN,34,48.94611550084496,0.01,10,1
5816,2025-10-21,IN,95,149.52894421329356,0.13,1,0
5817,2025-11-28,NG,49,36.33868231747192,0.03,26,1
5818,2025-11-02,DE,110,40.30456564758684,0.02,5,0
5819,2025-11-02,DE,99,260.8370068598226,0.02,6,0
5820,2025-10-17,IN,45,379.017380834259,0.01,7,0
5821,2025-10-05,NG,54,46.52026719247148,0.24,20,1
5822,2025-11-28,UK,25,22.922620907817816,0.04,10,1
5823,2025-11-17,IN,14,23.488833203294394,0.01,1,0
5824,2025-10-15,DE,119,449.5663552808072,0.03,7,0
5825,2025-11-15,IN,141,460.58428949076006,0.02,1,0
5826,2025-10-17,UK,120,46.985961700500894,0.02,4,0
5827,2025-11-14,DE,49,93.9268810866817,0.0,0,0
5828,2025-10-17,NG,34,25.80433455657072,0.14,9,1
5829,2025-11-22,IN,94,12.436326231408676,0.04,3,0
5830,2025-10-19,BR,136,208.799572284358,0.01,6,0
5831,2025-11-05,BR,32,8.102825075447532,0.03,25,1
5832,2025-11-20,NG,76,47.246582102306846,0.03,1,0
5833,2025-10-09,NG,52,301.4835975538353,0.04,5,0
5834,2025-10-21,BR,94,421.1722687107106,0.01,7,0
5835,2025-10-26,IN,39,33.08661501206262,0.04,7,0
5836,2025-11-27,NG,126,39.673166539193545,0.35,9,1
5837,2025-11-23,NG,147,354.5047246783444,0.03,1,0
5838,2025-10-27,DE,127,301.6059175003719,0.32,23,1
5839,2025-10-08,BR,8,5.5444971165743615,0.04,28,1
5840,2025-11-06,UK,132,24.91171221738019,0.01,7,0
5841,2025-11-09,IN,106,22.443973857823224,0.03,6,0
5842,2025-10-28,BR,49,130.06800998675638,0.15,0,0
5843,2025-11-25,IN,4,40.03285241161596,0.04,24,1
5844,2025-11-13,DE,47,35.37899559477765,0.03,30,1
5845,2025-11-19,UK,114,267.6980403383984,0.03,0,0
5846,2025-11-21,UK,51,7.665411889829301,0.02,3,0
5847,2025-11-24,DE,16,24.987897826555795,0.05,24,1
5848,2025-11-26,IN,16,6.842591139953765,0.0,8,1
5849,2025-10-30,NG,19,13.590868440826815,0.02,4,0
5850,2025-11-20,NG,48,38.9637200178726,0.22,15,1
5851,2025-10-20,NG,149,253.39156557778463,0.05,1,0
5852,2025-10-13,DE,106,20.268812052012667,0.0,6,0
5853,2025-10-09,BR,77,180.62202152987612,0.04,7,0
5854,2025-11-10,UK,58,404.3131589254473,0.28,18,1
5855,2025-10-15,UK,118,190.9512643398048,0.01,7,0
5856,2025-11-14,NG,75,321.3012643364022,0.01,0,0
5857,2025-11-28,UK,57,31.384751670959627,0.01,4,0
5858,2025-11-08,IN,39,40.86870870398368,0.04,19,1
5859,2025-10-02,NG,95,498.0799447561175,0.04,4,0
5860,2025-10-17,IN,88,13.773135784493723,0.01,4,0
5861,2025-11-23,IN,104,323.020263901964,0.01,5,0
5862,2025-10-15,BR,40,120.55578991845054,0.03,2,0
5863,2025-11-05,DE,134,66.96955615488625,0.04,0,0
5864,2025-11-03,IN,96,20.113747813363,0.04,1,0
5865,2025-10-13,BR,116,26.524503312013344,0.03,5,0
5866,2025-11-22,UK,15,45.96463007196861,0.02,28,1
5867,2025-11-03,DE,95,6.28113921272103,0.01,0,0
5868,2025-11-28,IN,86,46.15634529367567,0.03,6,0
5869,2025-11-29,DE,41,84.694372609777,0.0,2,0
5870,2025-10-30,UK,45,230.8898968199813,0.01,3,0
5871,2025-11-25,NG,70,34.19138891510601,0.02,3,0
5872,2025-10-20,DE,127,91.28409853591256,0.03,4,0
5873,2025-11-05,DE,40,170.70701483345476,0.01,5,0
5874,2025-10-16,IN,78,26.03950312979056,0.02,3,0
5875,2025-10-29,UK,81,87.37934219906535,0.04,4,0
5876,2025-10-07,DE,40,288.84146225162044,0.04,7,0
5877,2025-10-18,UK,68,364.1153555938848,0.32,24,1
5878,2025-10-18,NG,84,317.58901069069884,0.01,6,0
5879,2025-10-01,NG,128,297.4194661420156,0.02,6,0
5880,2025-11-05,NG,128,100.05886453572111,0.04,1,0
5881,2025-10-20,DE,109,339.270937908633,0.01,7,0
5882,2025-10-24,BR,143,331.3905011800616,0.0,1,0
5883,2025-11-13,NG,79,7.340691762703551,0.02,6,0
5884,2025-11-01,IN,35,13.073370146817666,0.05,8,1
5885,2025-11-01,BR,77,323.85922643733227,0.08,5,0
5886,2025-11-30,IN,88,274.0523716267838,0.01,6,0
5887,2025-10-29,UK,107,178.05228100195257,0.03,4,0
5888,2025-10-27,NG,87,102.06055113903648,0.04,1,0
5889,2025-11-02,UK,117,146.11775808516168,0.03,1,0
5890,2025-10-22,NG,26,13.115062989247724,0.04,6,0
5891,2025-10-25,UK,130,17.425497088844523,0.01,6,0
5892,2025-10-24,UK,107,287.96372818166583,0.05,0,0
5893,2025-11-24,UK,110,303.26769230173124,0.02,5,0
5894,2025-11-20,NG,73,23.502600263589443,0.07,1,0
5895,2025-10-31,DE,30,27.692307844877234,0.02,24,1
5896,2025-10-22,IN,90,345.2972655818642,0.01,5,0
5897,2025-10-06,NG,9,29.10676341386187,0.2,5,0
5898,2025-10-20,BR,8,11.822416394443568,0.02,0,0
5899,2025-11-14,IN,88,209.42951224870848,0.02,5,0
5900,2025-10-19,UK,118,366.2675549750701,0.05,0,0
5901,2025-11-01,IN,125,349.08551476876767,0.01,1,0
5902,2025-10-29,UK,2,35.21898352649262,0.01,7,0
5903,2025-10-29,UK,131,36.20043404381001,0.02,3,0
5904,2025-11-13,DE,93,196.53083202288371,0.04,7,0
5905,2025-11-15,DE,77,285.22850482158753,0.05,6,0
5906,2025-10-15,NG,94,184.65242685311884,0.05,4,0
5907,2025-11-12,DE,51,496.3355846279909,0.03,0,0
5908,2025-11-09,NG,61,324.04446749425455,0.03,6,0
5909,2025-10-09,NG,70,198.8779795560141,0.07,5,0
5910,2025-10-09,DE,50,21.853542787278585,0.05,4,0
5911,2025-11-07,UK,102,261.731536235156,0.02,2,0
5912,2025-11-16,DE,126,132.95204651525037,0.22,14,1
5913,2025-11-29,NG,24,25.768290674470972,0.02,1,0
5914,2025-11-06,UK,112,282.353965724049,0.01,7,0
5915,2025-11-23,DE,141,57.20670352604567,0.01,1,0
5916,2025-10-24,UK,95,359.93937703212777,0.02,7,0
5917,2025-10-07,UK,125,101.69179358224773,0.0,7,0
5918,2025-11-15,BR,44,198.335654464368,0.12,0,0
5919,2025-10-31,BR,2,28.98931267137181,0.02,6,0
5920,2025-10-28,BR,43,43.93589287226229,0.01,11,1
5921,2025-11-23,BR,63,245.2251464024088,0.01,6,0
5922,2025-11-22,NG,80,392.294469772168,0.35,9,1
5923,2025-10-11,DE,57,401.7029248686136,0.02,1,0
5924,2025-10-13,UK,26,26.28351550031292,0.04,21,1
5925,2025-10-12,BR,75,347.31180218418586,0.02,6,0
5926,2025-11-20,BR,33,8.821435943863056,0.03,0,0
5927,2025-11-10,UK,2,23.094963150528542,0.03,20,1
5928,2025-11-06,BR,40,14.236799782465807,0.03,19,1
5929,2025-10-16,NG,104,96.88493124031456,0.29,30,1
5930,2025-10-09,DE,125,23.75937984249001,0.03,4,0
5931,2025-10-24,UK,146,252.2264980240227,0.02,0,0
5932,2025-11-12,NG,103,90.39436744384204,0.02,0,0
5933,2025-10-03,NG,5,41.567866003429984,0.01,4,0
5934,2025-11-19,DE,23,8.724474891842151,0.03,17,1
5935,2025-11-17,BR,103,24.15224090848952,0.03,5,0
5936,2025-11-02,BR,36,9.546960185233104,0.0,7,0
5937,2025-11-25,BR,53,74.03779430670846,0.23,26,1
5938,2025-11-28,DE,18,20.411643279529063,0.03,17,1
5939,2025-10-22,IN,136,7.503317759132477,0.02,2,0
5940,2025-10-02,IN,27,36.96286839158489,0.06,29,1
5941,2025-10-11,DE,52,219.1491309253431,0.04,5,0
5942,2025-10-15,NG,42,132.3939691282747,0.02,1,0
5943,2025-10-22,UK,56,324.4856226185646,0.01,2,0
5944,2025-10-07,NG,90,420.3490886139636,0.04,4,0
5945,2025-11-27,DE,30,14.04699482837652,0.05,26,1
5946,2025-10-11,UK,149,440.70019951945886,0.04,0,0
5947,2025-10-22,UK,114,24.80599723732005,0.04,7,0
5948,2025-10-15,BR,81,146.94186901344764,0.04,4,0
5949,2025-10-16,NG,38,49.96668279732314,0.01,16,1
5950,2025-11-21,NG,68,398.232797794678,0.01,4,0
5951,2025-10-29,IN,8,30.783268887642667,0.04,25,1
5952,2025-11-05,IN,12,18.74589035885115,0.04,29,1
5953,2025-11-13,BR,65,41.83310252116766,0.01,2,0
5954,2025-11-07,UK,147,8.290586242395808,0.01,1,0
5955,2025-11-03,BR,129,75.38571740009681,0.04,5,0
5956,2025-11-05,BR,139,497.7240353328501,0.01,1,0
5957,2025-10-07,NG,2,21.80749833520004,0.0,23,1
5958,2025-10-21,BR,138,28.10962212724868,0.21,21,1
5959,2025-11-23,NG,10,30.601480406475183,0.03,2,0
5960,2025-11-02,NG,38,24.888604335563628,0.03,23,1
5961,2025-10-18,UK,31,12.473538372206733,0.01,19,1
5962,2025-10-28,BR,77,328.83247189469495,0.17,5,0
5963,2025-11-28,DE,40,88.1552131650826,0.05,4,0
5964,2025-10-02,NG,125,39.79769148656661,0.01,7,0
5965,2025-11-18,BR,32,37.35849913896939,0.04,21,1
5966,2025-10-01,DE,24,44.31652625683412,0.07,2,0
5967,2025-11-08,DE,9,47.65801585778703,0.01,5,0
5968,2025-11-12,BR,40,35.37978972181796,0.01,3,0
5969,2025-11-01,NG,23,47.76088947776798,0.05,7,0
5970,2025-10-09,BR,21,48.13548527098264,0.04,6,0
5971,2025-10-26,IN,71,239.0378693233881,0.03,5,0
5972,2025-11-14,DE,134,157.11559398186512,0.04,7,0
5973,2025-10-01,NG,122,293.0497287869322,0.28,19,1
5974,2025-11-30,IN,62,423.3610586190249,0.02,3,0
5975,2025-10-17,IN,26,13.936137913889365,0.01,19,1
5976,2025-10-12,IN,42,243.21327456571572,0.05,0,0
5977,2025-11-15,NG,145,40.70638188908752,0.05,0,0
5978,2025-10-10,BR,98,487.4720822283281,0.01,2,0
5979,2025-11-23,IN,128,432.5713235453935,0.23,27,1
5980,2025-11-12,IN,85,41.24082851791525,0.03,7,0
5981,2025-11-19,DE,81,114.8214727858856,0.04,0,0
5982,2025-10-18,DE,46,282.80054325082074,0.01,2,0
5983,2025-11-10,IN,26,5.224979622337044,0.04,4,0
5984,2025-11-10,UK,50,11.053622085513048,0.01,10,1
5985,2025-11-26,UK,16,49.70556126945757,0.04,5,0
5986,2025-10-03,DE,41,48.90299937720356,0.04,12,1
5987,2025-11-08,UK,130,52.46719727528029,0.02,4,0
5988,2025-10-30,UK,12,22.590468390146768,0.03,22,1
5989,2025-11-23,IN,135,41.57505297750973,0.01,4,0
5990,2025-11-12,IN,126,30.54991706792961,0.01,5,0
5991,2025-10-30,UK,13,13.907180874347498,0.03,23,1
5992,2025-11-05,DE,38,11.738354104549083,0.05,15,1
5993,2025-10-10,NG,34,28.804897677093305,0.04,26,1
5994,2025-10-24,NG,109,194.8101852602985,0.02,3,0
5995,2025-10-24,NG,50,349.757313354898,0.01,6,0
5996,2025-10-22,BR,56,334.19798275203755,0.38,10,1
5997,2025-10-27,NG,23,32.78141557729869,0.03,27,1
5998,2025-11-26,DE,57,285.9322839085803,0.01,5,0
5999,2025-11-24,IN,125,351.2470753101001,0.0,4,0
6000,2025-11-13,DE,5,21.031402061190533,0.04,18,1
6001,2025-11-04,BR,37,12.456480472479342,0.02,5,0
6002,2025-10-16,UK,18,12.426281815846508,0.02,20,1
6003,2025-11-22,DE,72,115.7603000635438,0.18,4,0
6004,2025-10-26,BR,86,121.40370786185689,0.01,4,0
6005,2025-11-08,IN,23,39.230067560753845,0.38,29,1
6006,2025-11-12,DE,83,295.49815463594587,0.04,4,0
6007,2025-11-14,UK,100,89.83912001766285,0.09,7,0
6008,2025-11-27,DE,67,476.50352632341935,0.02,5,0
6009,2025-11-17,DE,49,237.19855321668143,0.0,7,0
6010,2025-11-22,UK,77,367.332269589729,0.04,1,0
6011,2025-10-03,BR,121,33.83417272423445,0.01,1,0
6012,2025-11-03,BR,87,167.0930565712483,0.01,5,0
6013,2025-10-08,UK,56,125.0892381866838,0.04,2,0
6014,2025-10-04,IN,140,357.44253694210863,0.02,7,0
6015,2025-11-12,UK,85,51.10411649665321,0.0,6,0
6016,2025-10-13,NG,96,459.1995129305007,0.03,5,0
6017,2025-11-07,IN,16,30.92865721244489,0.03,25,1
6018,2025-11-22,IN,133,262.89423238503014,0.01,7,0
6019,2025-10-23,NG,20,21.74584187138786,0.03,4,0
6020,2025-11-20,BR,129,35.428729635679375,0.05,1,0
6021,2025-11-10,UK,16,28.90751073792469,0.02,4,0
6022,2025-10-19,UK,149,305.9199833812318,0.27,27,1
6023,2025-10-08,IN,62,215.773320142265,0.01,6,0
6024,2025-11-21,BR,79,40.58221449008322,0.01,2,0
6025,2025-10-03,UK,43,37.098534072769326,0.01,27,1
6026,2025-10-17,BR,95,63.55846161832436,0.0,2,0
6027,2025-11-22,BR,121,12.96282223359146,0.03,6,0
6028,2025-10-25,DE,57,435.3346876345659,0.11,3,0
6029,2025-11-06,UK,73,39.27839924681336,0.04,1,0
6030,2025-11-09,BR,147,7.813968843852448,0.02,1,0
6031,2025-10-30,IN,8,35.19143031430798,0.01,14,1
6032,2025-11-04,NG,73,103.68533808581503,0.04,4,0
6033,2025-11-01,NG,10,36.45221278759988,0.02,17,1
6034,2025-10-13,NG,53,36.62609071143413,0.03,0,0
6035,2025-11-24,NG,85,480.25196320035496,0.0,4,0
6036,2025-11-05,IN,68,125.52409497370796,0.0,4,0
6037,2025-11-04,IN,87,267.98726946909903,0.04,3,0
6038,2025-11-22,IN,27,10.554045051966238,0.01,28,1
6039,2025-10-03,NG,75,173.87502249065653,0.04,0,0
6040,2025-11-18,NG,46,32.1700692959529,0.04,6,0
6041,2025-10-21,NG,108,394.7035525178061,0.03,6,0
6042,2025-11-04,UK,74,91.14781207684996,0.01,7,0
6043,2025-11-03,IN,124,348.16437540673286,0.02,6,0
6044,2025-11-27,DE,39,19.011081643068103,0.0,24,1
6045,2025-11-06,UK,128,474.19204929634463,0.01,3,0
6046,2025-11-18,BR,143,228.76423108077503,0.03,5,0
6047,2025-11-14,UK,51,55.53692361798169,0.04,6,0
6048,2025-11-16,BR,54,307.966394610368,0.02,2,0
6049,2025-11-28,UK,28,37.22336213747984,0.0,22,1
6050,2025-10-12,IN,43,215.9085509336777,0.01,3,0
6051,2025-11-30,NG,38,6.081112709614054,0.02,7,0
6052,2025-11-26,IN,115,231.3883387768843,0.03,1,0
6053,2025-10-25,NG,75,14.786815329992432,0.01,6,0
6054,2025-11-28,IN,27,28.3563156542284,0.01,9,1
6055,2025-10-26,DE,63,41.85285226321652,0.01,5,0
6056,2025-11-22,IN,51,404.4933064256289,0.13,0,0
6057,2025-11-17,IN,87,271.70997775694974,0.24,30,1
6058,2025-11-20,UK,69,292.9549901205804,0.02,4,0
6059,2025-10-25,NG,32,29.5683367444587,0.01,20,1
6060,2025-10-01,NG,81,161.8919065379809,0.04,0,0
6061,2025-11-20,DE,18,23.57582282934308,0.02,8,1
6062,2025-10-11,IN,141,289.8751202025365,0.04,0,0
6063,2025-11-01,NG,13,38.06485891528634,0.04,6,0
6064,2025-10-22,DE,49,31.65814588984069,0.02,25,1
6065,2025-10-15,DE,121,48.52430816434197,0.36,21,1
6066,2025-10-18,BR,62,274.9845143819278,0.04,1,0
6067,2025-10-27,NG,17,14.24818715927235,0.38,28,1
6068,2025-11-25,UK,43,18.02286671739273,0.03,5,0
6069,2025-10-28,DE,83,497.6822406252159,0.03,0,0
6070,2025-10-15,BR,47,30.354026242073733,0.01,18,1
6071,2025-11-30,IN,62,30.10713934672512,0.0,6,0
6072,2025-10-22,DE,89,13.18488300180202,0.02,1,0
6073,2025-10-10,DE,115,356.24711280330905,0.03,1,0
6074,2025-11-16,BR,96,491.2412513267681,0.1,7,0
6075,2025-11-07,BR,34,36.01036703398697,0.01,20,1
6076,2025-10-10,IN,107,22.059921435361314,0.01,4,0
6077,2025-11-22,IN,89,378.7112780935973,0.0,4,0
6078,2025-10-09,UK,66,275.8882784726617,0.01,7,0
6079,2025-11-05,IN,60,319.430756755216,0.38,19,1
6080,2025-11-16,BR,121,16.849060754145007,0.04,5,0
6081,2025-11-20,BR,97,175.325767672257,0.02,0,0
6082,2025-10-08,IN,65,200.6161833252675,0.0,3,0
6083,2025-10-27,DE,102,84.72409423276392,0.04,0,0
6084,2025-11-28,DE,53,138.66880248466822,0.03,0,0
6085,2025-10-23,NG,51,275.7607740980842,0.01,7,0
6086,2025-11-30,DE,99,194.92607980909597,0.19,1,0
6087,2025-11-15,BR,52,236.3854645015784,0.26,16,1
6088,2025-10-13,UK,52,65.66158587181829,0.33,28,1
6089,2025-10-18,UK,143,22.6019406040628,0.04,3,0
6090,2025-11-25,IN,143,235.7699907144385,0.05,7,0
6091,2025-10-31,NG,46,31.149372375319448,0.04,2,0
6092,2025-11-04,IN,137,9.257307567535513,0.2,21,1
6093,2025-10-04,DE,59,84.80144762675728,0.04,6,0
6094,2025-11-02,UK,131,40.805960374515976,0.11,3,0
6095,2025-10-16,BR,121,261.11998821658494,0.02,7,0
6096,2025-10-28,NG,2,22.02857704625843,0.1,7,0
6097,2025-11-10,UK,18,39.00333558095333,0.0,10,1
6098,2025-11-02,UK,128,44.18520061164061,0.03,4,0
6099,2025-10-15,DE,48,21.91364586864273,0.03,3,0
6100,2025-11-06,DE,29,8.19249962520083,0.04,12,1
6101,2025-10-13,BR,60,338.0902136190718,0.38,12,1
6102,2025-11-14,IN,88,112.99882004038628,0.1,4,0
6103,2025-11-20,DE,24,35.66746593472871,0.02,14,1
6104,2025-10-02,IN,139,440.0167185178176,0.22,16,1
6105,2025-11-06,NG,46,39.112534875970816,0.03,27,1
6106,2025-10-17,DE,33,7.203665151148534,0.02,7,0
6107,2025-10-14,DE,48,316.4868106485336,0.04,6,0
6108,2025-10-01,DE,15,42.90994462386293,0.03,16,1
6109,2025-10-23,NG,50,17.684870076861493,0.03,19,1
6110,2025-11-27,UK,72,276.0446746883708,0.04,7,0
6111,2025-10-21,UK,140,296.9871142989308,0.04,4,0
6112,2025-10-15,DE,110,36.33922881693654,0.03,5,0
6113,2025-10-23,BR,108,489.6879827640047,0.04,0,0
6114,2025-11-29,NG,77,13.414594913245752,0.01,5,0
6115,2025-10-18,DE,66,357.2534688006006,0.01,5,0
6116,2025-10-26,IN,71,39.21384156011514,0.04,4,0
6117,2025-10-11,UK,92,254.956005552165,0.04,1,0
6118,2025-11-09,UK,85,42.75980674523241,0.03,1,0
6119,2025-11-25,DE,131,81.37329128322779,0.02,6,0
6120,2025-10-17,IN,103,316.59782966978065,0.02,3,0
6121,2025-11-21,UK,49,390.3433808289737,0.04,0,0
6122,2025-11-07,DE,73,317.16765993586097,0.04,0,0
6123,2025-10-31,BR,150,357.6337968247952,0.25,10,1
6124,2025-10-11,DE,17,24.865547626274505,0.05,28,1
6125,2025-10-02,IN,6,9.01777825878996,0.05,18,1
6126,2025-11-05,IN,123,26.70984541715484,0.01,3,0
6127,2025-10-05,IN,136,29.96104003815765,0.05,6,0
6128,2025-11-15,IN,88,399.9263357698928,0.02,2,0
6129,2025-11-01,UK,104,261.39185281086736,0.02,6,0
6130,2025-10-22,IN,101,45.47918054274614,0.05,0,0
6131,2025-10-25,UK,116,399.1792207474018,0.02,5,0
6132,2025-10-13,BR,123,232.58229176768032,0.35,26,1
6133,2025-11-02,BR,54,24.414248086870973,0.04,2,0
6134,2025-10-31,IN,141,442.2110053168065,0.03,0,0
6135,2025-11-09,NG,82,49.54705494095945,0.24,20,1
6136,2025-10-29,BR,20,19.211938420285435,0.04,2,0
6137,2025-10-17,NG,118,122.85435176533362,0.0,0,0
6138,2025-10-19,BR,19,31.031952693506444,0.0,5,0
6139,2025-11-11,NG,48,23.000679247890385,0.31,12,1
6140,2025-10-11,UK,142,11.162494140302602,0.02,4,0
6141,2025-10-07,UK,80,167.22680713159195,0.01,6,0
6142,2025-10-06,IN,15,32.462634493894925,0.03,2,0
6143,2025-10-04,UK,122,101.09758412990011,0.03,2,0
6144,2025-10-18,UK,84,406.4402668609584,0.04,7,0
6145,2025-11-16,NG,149,486.3417132961022,0.05,7,0
6146,2025-11-16,IN,126,6.588400448090884,0.39,11,1
6147,2025-10-12,BR,3,21.58313741761267,0.04,29,1
6148,2025-10-11,BR,50,491.4363677928323,0.02,7,0
6149,2025-10-20,NG,42,12.059616445100762,0.02,27,1
6150,2025-11-27,IN,40,18.001558821872027,0.02,5,0
6151,2025-10-20,BR,50,49.8904387511545,0.02,5,0
6152,2025-10-14,NG,74,44.03289767385246,0.02,1,0
6153,2025-11-01,BR,149,33.05154922708216,0.03,5,0
6154,2025-11-11,UK,78,18.869921716219476,0.03,7,0
6155,2025-10-10,IN,93,396.19330942103534,0.02,1,0
6156,2025-10-22,DE,26,32.52439038927604,0.05,6,0
6157,2025-10-19,BR,90,40.418161522946185,0.02,1,0
6158,2025-10-30,NG,132,484.2952175860822,0.01,3,0
6159,2025-10-28,DE,146,107.51397491036737,0.0,6,0
6160,2025-11-28,DE,70,107.55061997346748,0.35,18,1
6161,2025-11-27,IN,21,41.28769150136028,0.03,24,1
6162,2025-11-21,UK,42,411.13131497718285,0.02,4,0
6163,2025-10-21,DE,57,161.10073507634476,0.03,2,0
6164,2025-11-03,DE,97,408.9152826168471,0.05,6,0
6165,2025-11-27,BR,105,21.996392985974627,0.12,0,0
6166,2025-11-29,DE,63,51.43164805469609,0.28,27,1
6167,2025-11-18,BR,69,404.28866689982647,0.04,3,0
6168,2025-10-09,DE,125,13.675497464120394,0.01,1,0
6169,2025-11-20,BR,81,428.1630674042533,0.01,3,0
6170,2025-10-22,NG,126,352.2313788701333,0.02,3,0
6171,2025-10-02,NG,51,40.356523411561206,0.0,3,0
6172,2025-10-08,NG,72,434.05904266248353,0.19,1,0
6173,2025-11-18,NG,48,397.96882130328896,0.02,0,0
6174,2025-10-16,IN,41,57.03582457509992,0.02,5,0
6175,2025-10-10,UK,69,442.9813456817367,0.09,0,0
6176,2025-10-19,NG,8,11.623081286464643,0.0,7,0
6177,2025-10-02,UK,129,128.8417409588646,0.0,6,0
6178,2025-11-05,IN,37,18.278247622615883,0.05,0,0
6179,2025-10-22,IN,58,120.21074493161866,0.0,7,0
6180,2025-11-15,NG,86,108.8668878432257,0.01,4,0
6181,2025-10-21,NG,103,124.78067559831894,0.1,2,0
6182,2025-11-16,UK,26,29.88761900374439,0.03,15,1
6183,2025-11-18,UK,107,237.44146729763244,0.04,7,0
6184,2025-11-29,IN,70,494.34953334519713,0.03,0,0
6185,2025-11-28,UK,109,63.8077498484034,0.01,5,0
6186,2025-11-19,UK,136,50.04293150234054,0.1,1,0
6187,2025-11-15,DE,70,310.5622285398779,0.04,0,0
6188,2025-11-13,NG,149,79.23502145666632,0.07,3,0
6189,2025-10-06,UK,128,404.34965015076256,0.02,1,0
6190,2025-11-19,IN,139,274.4589801276478,0.01,0,0
6191,2025-11-04,NG,82,34.45868867916204,0.0,2,0
6192,2025-10-05,IN,18,49.11249537395318,0.02,3,0
6193,2025-11-20,BR,42,28.30779137291796,0.02,0,0
6194,2025-10-13,IN,64,375.5597385126175,0.04,7,0
6195,2025-11-27,DE,108,145.96789822955026,0.07,6,0
6196,2025-11-30,NG,70,49.83706469164055,0.02,2,0
6197,2025-11-05,DE,107,10.795087113031464,0.01,3,0
6198,2025-11-30,IN,95,137.99341082873048,0.3,14,1
6199,2025-10-13,UK,89,176.24572559208434,0.02,2,0
6200,2025-10-02,BR,133,55.30656806569697,0.04,4,0
6201,2025-10-26,BR,2,44.45032311512131,0.09,23,1
6202,2025-10-08,IN,39,41.73004518617789,0.0,28,1
6203,2025-11-20,UK,150,356.62255963205223,0.01,6,0
6204,2025-11-25,NG,8,16.304071772738286,0.01,29,1
6205,2025-10-23,UK,13,29.413910814852937,0.04,0,0
6206,2025-11-04,DE,34,28.69875338580327,0.03,29,1
6207,2025-10-25,UK,100,382.2049505602836,0.39,23,1
6208,2025-11-25,NG,35,20.932265739332685,0.05,12,1
6209,2025-10-16,UK,79,12.952433991877973,0.36,29,1
6210,2025-10-01,DE,52,167.31118107594028,0.04,4,0
6211,2025-11-16,NG,33,22.042909489660428,0.04,25,1
6212,2025-11-27,BR,73,35.10463332223125,0.02,7,0
6213,2025-11-21,NG,58,104.13124195711995,0.03,4,0
6214,2025-10-12,UK,120,34.4810195841124,0.05,4,0
6215,2025-11-27,UK,106,25.410260280566757,0.07,4,0
6216,2025-11-01,NG,37,15.978855223752475,0.0,20,1
6217,2025-11-25,NG,98,91.27100341199198,0.0,6,0
6218,2025-11-16,BR,109,48.554637971275305,0.24,10,1
6219,2025-10-08,IN,41,455.5061979899549,0.01,1,0
6220,2025-10-27,BR,53,407.2107675969945,0.0,6,0
6221,2025-11-12,UK,6,34.27368665447513,0.01,15,1
6222,2025-11-25,UK,56,245.89574554360377,0.01,4,0
6223,2025-11-05,NG,22,38.98497902496606,0.04,7,0
6224,2025-11-28,UK,107,451.832147342688,0.05,1,0
6225,2025-11-07,DE,61,38.00816837880884,0.01,5,0
6226,2025-11-17,NG,42,478.84380449438106,0.04,5,0
6227,2025-11-24,UK,51,20.28262105046837,0.03,6,0
6228,2025-11-25,BR,110,420.2771118484394,0.01,6,0
6229,2025-11-06,IN,43,46.86790557555685,0.0,24,1
6230,2025-11-29,IN,97,26.59705823463134,0.01,6,0
6231,2025-11-12,DE,15,16.823444941261123,0.26,10,1
6232,2025-10-27,NG,20,11.331767764582509,0.05,29,1
6233,2025-10-02,IN,24,13.36169565429218,0.24,9,1
6234,2025-11-22,NG,149,341.7050533398468,0.03,5,0
6235,2025-10-08,IN,43,17.883014754518065,0.01,3,0
6236,2025-10-22,BR,44,366.27769762582255,0.04,1,0
6237,2025-11-30,NG,23,16.099910773781772,0.03,9,1
6238,2025-11-02,IN,133,15.350136340234869,0.33,9,1
6239,2025-10-26,UK,121,200.35446577873176,0.01,5,0
6240,2025-10-07,DE,121,177.73022364664604,0.04,2,0
6241,2025-11-07,UK,136,469.1680519557048,0.03,5,0
6242,2025-11-21,IN,34,48.98997172206544,0.03,24,1
6243,2025-10-16,DE,148,13.501295330305982,0.05,3,0
6244,2025-11-22,BR,50,8.652310416259745,0.01,17,1
6245,2025-11-24,UK,109,306.0225747243465,0.02,4,0
6246,2025-11-06,NG,44,468.36262654420807,0.05,2,0
6247,2025-11-09,IN,46,37.11666534038749,0.04,27,1
6248,2025-11-23,BR,41,410.074038382102,0.0,2,0
6249,2025-11-26,NG,43,10.109758627229525,0.03,22,1
6250,2025-10-13,UK,99,187.2270986869181,0.01,1,0
6251,2025-10-22,IN,96,159.3780175651168,0.2,5,0
6252,2025-11-06,IN,80,435.75710599268734,0.05,5,0
6253,2025-10-11,UK,126,17.072987663580186,0.04,4,0
6254,2025-10-29,UK,54,370.0825645710528,0.04,0,0
6255,2025-11-28,BR,142,21.232294655406864,0.06,5,0
6256,2025-10-17,IN,44,14.544964634942998,0.04,2,0
6257,2025-10-02,IN,24,43.757361635809616,0.01,12,1
6258,2025-11-14,IN,40,27.3025958825674,0.17,17,1
6259,2025-10-15,NG,30,16.3738760290548,0.03,30,1
6260,2025-10-02,BR,150,104.01565025940128,0.01,1,0
6261,2025-11-22,BR,64,35.5152756318617,0.02,7,0
6262,2025-10-24,IN,45,39.01476733042556,0.01,5,0
6263,2025-11-15,BR,10,8.005160862398583,0.04,6,0
6264,2025-10-24,DE,56,90.70731190018697,0.01,5,0
6265,2025-11-04,UK,36,14.35899105312593,0.39,21,1
6266,2025-11-21,DE,98,266.86048267203535,0.03,3,0
6267,2025-11-17,IN,66,25.433605400421868,0.03,4,0
6268,2025-11-05,DE,148,377.5102897440855,0.27,22,1
6269,2025-11-20,BR,35,10.72926120660149,0.02,11,1
6270,2025-10-07,UK,74,412.53861999485264,0.03,7,0
6271,2025-10-14,BR,28,30.99207790632981,0.04,21,1
6272,2025-10-14,IN,60,28.64671044281381,0.04,3,0
6273,2025-10-27,BR,23,8.045168602842146,0.03,23,1
6274,2025-10-19,DE,62,489.22285806382064,0.02,1,0
6275,2025-10-28,DE,135,140.54763350322213,0.02,0,0
6276,2025-11-22,UK,87,20.79953146835117,0.1,7,0
6277,2025-11-14,UK,127,175.95639789588782,0.11,0,0
6278,2025-10-29,UK,29,43.63736944065654,0.04,2,0
6279,2025-11-28,IN,47,42.841821710688855,0.02,2,0
6280,2025-11-04,UK,46,29.86896556373906,0.03,6,0
6281,2025-10-31,NG,97,305.8760532465159,0.04,2,0
6282,2025-11-27,IN,52,37.08442850293203,0.02,2,0
6283,2025-11-05,UK,27,18.53093387287949,0.04,13,1
6284,2025-10-27,UK,26,37.23741283121477,0.03,2,0
6285,2025-11-16,BR,101,375.0300656204815,0.0,0,0
6286,2025-10-14,DE,24,10.568282528306815,0.04,14,1
6287,2025-10-25,IN,64,436.60425606540304,0.02,6,0
6288,2025-11-26,IN,38,30.226265389788352,0.1,3,0
6289,2025-10-10,NG,41,211.6138408729981,0.03,7,0
6290,2025-11-30,BR,66,190.1374024276008,0.02,3,0
6291,2025-11-30,BR,45,7.366676129405251,0.01,7,0
6292,2025-11-17,NG,11,39.72150249600824,0.04,2,0
6293,2025-11-26,BR,33,11.144187914606622,0.02,4,0
6294,2025-10-19,DE,30,10.78010653126506,0.07,0,0
6295,2025-10-11,IN,2,44.61165094662802,0.0,2,0
6296,2025-11-21,NG,116,238.98027749444327,0.01,7,0
6297,2025-10-15,DE,20,39.80758347198527,0.36,24,1
6298,2025-10-10,DE,121,289.5583115562786,0.04,1,0
6299,2025-10-02,IN,52,229.81480345208703,0.02,2,0
6300,2025-10-10,UK,39,29.26157746948032,0.37,29,1
6301,2025-11-21,DE,142,40.38389511418902,0.02,0,0
6302,2025-10-23,NG,146,57.41908468944774,0.04,3,0
6303,2025-11-24,DE,50,17.89077042142484,0.12,6,0
6304,2025-10-21,IN,79,387.27199024557694,0.03,1,0
6305,2025-10-23,DE,37,40.32571876250501,0.14,7,0
6306,2025-11-05,UK,109,368.4583572938202,0.04,1,0
6307,2025-10-21,UK,105,111.36853494318026,0.09,3,0
6308,2025-11-23,NG,105,465.1874187451704,0.0,6,0
6309,2025-11-10,IN,114,11.887555162498716,0.02,6,0
6310,2025-11-01,IN,82,459.96720577452567,0.04,1,0
6311,2025-10-02,IN,132,249.32748316676825,0.01,5,0
6312,2025-10-15,UK,118,253.35688378714187,0.04,5,0
6313,2025-11-26,IN,112,90.0662527519705,0.03,6,0
6314,2025-10-28,NG,57,12.542588561275103,0.05,4,0
6315,2025-11-09,NG,125,181.621838438544,0.05,4,0
6316,2025-11-05,NG,18,49.336267931770415,0.03,15,1
6317,2025-10-04,IN,44,157.11494101571074,0.06,1,0
6318,2025-10-28,NG,5,25.3006087780208,0.0,23,1
6319,2025-11-17,DE,82,103.78285162516896,0.18,0,0
6320,2025-11-23,DE,55,372.03413917765647,0.03,2,0
6321,2025-10-08,NG,10,29.94399932737282,0.01,26,1
6322,2025-11-08,DE,49,21.42643529743709,0.02,3,0
6323,2025-10-03,DE,144,80.71573714720111,0.0,0,0
6324,2025-11-01,BR,18,40.84544858666755,0.04,6,0
6325,2025-10-10,BR,88,293.1038895110363,0.14,4,0
6326,2025-10-24,UK,29,43.4275469711911,0.03,11,1
6327,2025-11-29,DE,147,66.63794759655745,0.02,2,0
6328,2025-11-27,NG,36,31.45905346404896,0.0,1,0
6329,2025-10-28,BR,121,40.05286016638902,0.01,6,0
6330,2025-11-07,NG,28,25.78868904620893,0.02,19,1
6331,2025-10-08,IN,25,18.419829979624843,0.01,11,1
6332,2025-11-13,NG,100,100.558041166015,0.04,0,0
6333,2025-10-14,NG,23,26.10881828685308,0.01,30,1
6334,2025-10-21,IN,86,57.37176829334812,0.27,9,1
6335,2025-10-26,BR,60,177.86384194601024,0.34,30,1
6336,2025-11-22,IN,143,94.49113780679602,0.03,7,0
6337,2025-10-09,NG,108,396.4505405656912,0.03,4,0
6338,2025-11-05,BR,77,199.3860103884281,0.18,6,0
6339,2025-10-04,DE,136,21.465484177124445,0.02,6,0
6340,2025-11-12,BR,131,59.3772430042628,0.01,0,0
6341,2025-11-28,DE,49,5.100711704974005,0.03,22,1
6342,2025-11-10,BR,116,39.43629440916602,0.04,1,0
6343,2025-10-21,DE,12,45.11255139405973,0.3,11,1
6344,2025-10-21,UK,45,13.848892555232554,0.02,11,1
6345,2025-10-19,UK,5,45.840371317269614,0.01,9,1
6346,2025-10-10,NG,5,43.25817992394877,0.04,28,1
6347,2025-10-01,NG,44,7.137179973496842,0.03,4,0
6348,2025-10-25,UK,1,35.93044070612588,0.01,15,1
6349,2025-10-14,UK,9,40.41679912937111,0.05,27,1
6350,2025-10-11,NG,59,307.77939683682854,0.0,3,0
6351,2025-10-09,IN,42,28.872535761314232,0.0,29,1
6352,2025-11-27,BR,33,23.013098562838127,0.03,13,1
6353,2025-11-18,UK,13,45.00989842929351,0.02,27,1
6354,2025-11-03,UK,9,44.81975149204028,0.03,8,1
6355,2025-11-11,DE,88,369.0196716770108,0.02,5,0
6356,2025-10-07,NG,16,12.283714172256154,0.03,8,1
6357,2025-10-28,UK,103,43.06041265768783,0.02,7,0
6358,2025-10-12,UK,74,33.68543194201338,0.05,3,0
6359,2025-11-28,DE,58,98.54452379540004,0.03,3,0
6360,2025-11-08,IN,66,413.7719812710541,0.03,6,0
6361,2025-10-28,DE,86,79.67775412081028,0.01,6,0
6362,2025-10-21,BR,102,52.09930948355844,0.03,7,0
6363,2025-11-26,BR,40,173.57940947328905,0.02,7,0
6364,2025-10-16,UK,64,282.6349053433378,0.0,5,0
6365,2025-10-07,BR,105,28.433716591135283,0.01,5,0
6366,2025-10-12,NG,64,471.99183944480944,0.04,3,0
6367,2025-10-04,NG,79,68.68406114673408,0.04,2,0
6368,2025-10-19,DE,27,35.3104915192435,0.04,23,1
6369,2025-10-02,NG,74,244.3663618400193,0.0,4,0
6370,2025-10-21,UK,27,24.766382701002357,0.02,1,0
6371,2025-11-23,BR,83,317.3281526924903,0.01,0,0
6372,2025-11-01,BR,40,42.11056326184202,0.02,19,1
6373,2025-11-05,BR,140,273.8476899917022,0.01,7,0
6374,2025-11-04,NG,45,22.458853115030468,0.0,5,0
6375,2025-11-15,BR,15,17.037694077860326,0.0,9,1
6376,2025-10-14,NG,94,163.81787169743433,0.0,3,0
6377,2025-11-20,BR,96,422.6888299860904,0.11,7,0
6378,2025-11-26,UK,25,19.133385820760346,0.04,5,0
6379,2025-11-20,UK,44,7.159811944854681,0.03,16,1
6380,2025-11-20,DE,11,15.223986072018306,0.05,10,1
6381,2025-11-20,BR,135,128.6863231215793,0.0,5,0
6382,2025-10-16,BR,29,10.181847953227958,0.01,3,0
6383,2025-11-06,DE,134,68.7219093225548,0.05,5,0
6384,2025-11-25,IN,130,43.01113236682829,0.02,3,0
6385,2025-11-28,BR,72,43.6798397973337,0.05,3,0
6386,2025-10-19,DE,14,39.90518524270541,0.01,7,0
6387,2025-10-01,DE,140,481.4876409959077,0.04,6,0
6388,2025-11-23,DE,43,16.451545083311487,0.01,17,1
6389,2025-10-03,IN,81,350.97595613025874,0.02,0,0
6390,2025-10-05,UK,88,238.8753005425177,0.02,7,0
6391,2025-10-22,BR,135,17.920900716391476,0.04,6,0
6392,2025-10-12,IN,150,225.84616348223688,0.01,2,0
6393,2025-11-13,UK,115,248.81623687139628,0.05,7,0
6394,2025-10-14,BR,54,214.3593711176751,0.02,5,0
6395,2025-11-14,DE,4,9.25802304182574,0.2,25,1
6396,2025-11-24,IN,31,18.928276857454964,0.01,15,1
6397,2025-11-22,DE,17,12.410156024654569,0.03,28,1
6398,2025-10-27,NG,47,49.05554142803153,0.01,3,0
6399,2025-10-27,BR,122,277.85336095735966,0.03,2,0
6400,2025-10-18,NG,27,40.95346155099261,0.04,29,1
6401,2025-11-29,BR,109,216.57372516312927,0.02,3,0
6402,2025-11-15,DE,46,32.46806669592077,0.03,0,0
6403,2025-10-27,UK,89,308.0103171788963,0.02,6,0
6404,2025-11-22,UK,41,196.4178185001676,0.05,0,0
6405,2025-11-02,UK,66,43.509706456836746,0.04,3,0
6406,2025-11-27,BR,67,38.78218862663191,0.03,6,0
6407,2025-10-29,UK,79,155.8838223659065,0.04,5,0
6408,2025-11-04,DE,20,18.31507215826693,0.2,27,1
6409,2025-11-04,NG,99,439.0954731179014,0.04,4,0
6410,2025-11-29,BR,77,335.34970503587186,0.02,3,0
6411,2025-11-22,BR,65,396.3196374064731,0.18,0,0
6412,2025-10-26,NG,18,6.284394095328684,0.04,14,1
6413,2025-10-04,DE,43,195.7763291243772,0.04,7,0
6414,2025-10-11,IN,120,48.93990626316288,0.01,4,0
6415,2025-10-21,DE,45,33.28680911660105,0.01,4,0
6416,2025-10-24,BR,50,302.89239538713,0.01,3,0
6417,2025-11-13,IN,149,301.051556862295,0.04,2,0
6418,2025-10-31,DE,41,31.25195056153165,0.15,1,0
6419,2025-11-09,NG,30,25.81129789804157,0.04,21,1
6420,2025-10-24,UK,83,350.02349762934244,0.03,0,0
6421,2025-11-23,DE,87,133.80764629725337,0.33,16,1
6422,2025-10-25,IN,60,238.44112139890524,0.18,3,0
6423,2025-11-18,NG,4,29.22369470114528,0.05,1,0
6424,2025-10-12,IN,19,19.756163839392016,0.03,19,1
6425,2025-11-26,DE,35,42.63065733981315,0.24,24,1
6426,2025-10-29,NG,41,71.49996101863812,0.01,1,0
6427,2025-11-14,UK,37,40.31864840090991,0.03,7,0
6428,2025-10-17,UK,14,19.702865397410697,0.02,25,1
6429,2025-11-23,BR,136,66.0165557206558,0.01,6,0
6430,2025-10-01,IN,70,34.7292035463861,0.03,3,0
6431,2025-11-03,BR,138,81.77894394231745,0.38,23,1
6432,2025-11-14,BR,53,62.63048546197458,0.01,5,0
6433,2025-10-30,UK,47,47.062066473600986,0.24,17,1
6434,2025-11-12,DE,22,7.540168942310025,0.01,6,0
6435,2025-10-15,NG,123,354.7026467337531,0.14,2,0
6436,2025-10-29,BR,84,123.14189394516534,0.03,4,0
6437,2025-10-13,NG,89,271.13765344781564,0.0,6,0
6438,2025-11-26,BR,33,40.13023169077947,0.05,2,0
6439,2025-10-29,DE,124,7.312265037365293,0.01,1,0
6440,2025-10-22,DE,109,43.34348445034744,0.23,28,1
6441,2025-10-30,NG,85,15.735581669840736,0.02,5,0
6442,2025-11-26,NG,89,149.1508645003712,0.39,19,1
6443,2025-11-20,BR,116,8.801180474979862,0.04,4,0
6444,2025-11-15,NG,128,100.17298276058848,0.01,3,0
6445,2025-11-02,UK,125,464.93596393691416,0.03,3,0
6446,2025-11-11,DE,117,94.8375853079994,0.01,5,0
6447,2025-10-15,IN,88,23.63398919961127,0.03,2,0
6448,2025-10-04,IN,27,47.80434003058634,0.05,8,1
6449,2025-11-06,NG,16,46.790646365386415,0.01,28,1
6450,2025-11-03,IN,110,59.2386796706824,0.04,7,0
6451,2025-11-05,DE,110,351.2205581420531,0.03,6,0
6452,2025-11-12,NG,48,413.47765524302446,0.02,6,0
6453,2025-11-25,DE,30,17.816297364381185,0.01,6,0
6454,2025-11-20,BR,55,476.6171539808154,0.02,6,0
6455,2025-10-01,UK,48,16.87294141704232,0.01,23,1
6456,2025-11-03,DE,85,152.9272024642064,0.02,0,0
6457,2025-10-20,NG,15,8.524622804775401,0.3,21,1
6458,2025-11-18,DE,135,327.7657195129306,0.05,6,0
6459,2025-10-01,IN,68,372.1641681183802,0.04,1,0
6460,2025-10-14,DE,7,12.619258511801924,0.11,23,1
6461,2025-11-17,DE,35,35.841377739688475,0.04,9,1
6462,2025-11-22,UK,35,13.702347635380246,0.05,29,1
6463,2025-11-15,BR,142,33.47713916150527,0.01,6,0
6464,2025-10-18,IN,44,42.62920613079752,0.03,10,1
6465,2025-10-07,NG,5,31.07666780429023,0.04,10,1
6466,2025-11-22,UK,70,347.38207427788325,0.04,2,0
6467,2025-10-14,DE,93,261.4241605037589,0.08,1,0
6468,2025-11-17,BR,87,170.54484447520346,0.01,0,0
6469,2025-10-14,IN,45,37.09050264869887,0.0,25,1
6470,2025-11-01,IN,62,94.3884251183342,0.04,0,0
6471,2025-11-19,IN,52,444.0903097206319,0.03,2,0
6472,2025-11-06,DE,37,46.11772617754836,0.1,15,1
6473,2025-10-29,DE,70,456.6218659551428,0.04,2,0
6474,2025-11-15,NG,13,46.42348264376731,0.03,12,1
6475,2025-11-08,BR,33,41.0061136381978,0.04,22,1
6476,2025-11-25,DE,87,461.0918764182188,0.0,1,0
6477,2025-11-16,DE,40,49.635648836338376,0.01,28,1
6478,2025-11-01,IN,66,71.28223016592045,0.05,1,0
6479,2025-10-05,IN,130,413.51073512697815,0.05,7,0
6480,2025-11-23,DE,138,461.2653396993091,0.01,2,0
6481,2025-10-25,NG,49,47.029391583050646,0.02,28,1
6482,2025-11-04,DE,101,30.14715630445757,0.01,7,0
6483,2025-10-15,NG,54,68.1083372677563,0.23,30,1
6484,2025-10-17,IN,87,474.5048571870591,0.03,7,0
6485,2025-10-05,NG,30,48.42084801631904,0.01,19,1
6486,2025-10-14,DE,1,33.55471338295443,0.01,30,1
6487,2025-10-14,UK,35,25.18618987981437,0.0,2,0
6488,2025-11-30,NG,74,41.27545870284135,0.02,3,0
6489,2025-10-03,DE,67,12.373229198619544,0.03,6,0
6490,2025-11-09,BR,105,37.606827464786,0.33,20,1
6491,2025-11-21,BR,107,493.5073037966035,0.03,6,0
6492,2025-11-19,IN,128,6.993223012401283,0.05,2,0
6493,2025-11-27,BR,19,47.84208574077574,0.01,10,1
6494,2025-10-11,UK,45,45.86054726472103,0.02,23,1
6495,2025-10-20,DE,9,36.77771418090087,0.03,6,0
6496,2025-11-27,IN,45,44.97000459300374,0.04,6,0
6497,2025-10-16,NG,74,287.94660863376225,0.03,2,0
6498,2025-10-23,DE,29,47.866639173814335,0.05,23,1
6499,2025-11-11,BR,8,46.38977043046474,0.01,15,1
6500,2025-11-17,BR,18,8.462346996831966,0.17,25,1
6501,2025-10-13,IN,115,8.637526671100122,0.01,2,0
6502,2025-11-07,IN,60,44.09559075314914,0.03,0,0
6503,2025-10-05,IN,135,68.92510871610015,0.03,5,0
6504,2025-11-17,BR,83,19.389703389394008,0.14,3,0
6505,2025-10-26,BR,127,55.152284489716266,0.02,7,0
6506,2025-11-01,BR,50,15.911587106731329,0.05,20,1
6507,2025-11-30,IN,64,329.26435345848665,0.03,1,0
6508,2025-10-23,BR,76,29.510700793784103,0.05,0,0
6509,2025-11-20,UK,145,332.57662697668763,0.03,6,0
6510,2025-11-02,NG,41,45.1400591255064,0.11,5,0
6511,2025-11-14,IN,22,23.497538282439795,0.02,13,1
6512,2025-10-05,NG,1,13.976760518124076,0.0,15,1
6513,2025-10-15,NG,45,106.92476558123283,0.18,0,0
6514,2025-10-04,DE,138,119.37641368225296,0.01,6,0
6515,2025-10-18,NG,41,389.7362852390776,0.17,4,0
6516,2025-11-20,UK,104,69.0084171011423,0.05,6,0
6517,2025-11-01,UK,38,45.12524146650309,0.02,21,1
6518,2025-11-12,NG,60,46.38511905249661,0.3,26,1
6519,2025-11-11,BR,63,265.20000985847435,0.22,15,1
6520,2025-11-07,IN,86,29.828529797077596,0.01,0,0
6521,2025-10-25,UK,84,449.0426226494262,0.03,5,0
6522,2025-11-09,DE,119,37.9131369226969,0.0,6,0
6523,2025-11-11,BR,146,24.403590110190347,0.25,10,1
6524,2025-11-29,NG,40,28.945771186182174,0.0,12,1
6525,2025-11-22,UK,75,133.55566796692648,0.03,7,0
6526,2025-11-26,DE,42,19.008963149696022,0.02,7,0
6527,2025-11-21,IN,78,174.18964411470614,0.04,2,0
6528,2025-10-03,DE,99,21.03460239295657,0.0,3,0
6529,2025-10-09,NG,116,24.65740056804154,0.02,5,0
6530,2025-10-31,NG,124,366.4168097997303,0.02,1,0
6531,2025-10-06,DE,44,14.333574962354904,0.1,3,0
6532,2025-11-23,DE,145,42.07723099598723,0.04,5,0
6533,2025-10-28,UK,42,31.20247704293553,0.02,2,0
6534,2025-11-09,NG,137,317.0885301272361,0.0,2,0
6535,2025-11-16,UK,126,241.3504103126903,0.03,7,0
6536,2025-10-28,UK,40,47.1280153245603,0.03,13,1
6537,2025-11-27,NG,41,91.8552879401429,0.35,23,1
6538,2025-10-01,BR,34,21.27175070825958,0.19,7,0
6539,2025-11-12,BR,140,197.55808130801736,0.02,4,0
6540,2025-11-22,DE,42,19.23252582951332,0.02,27,1
6541,2025-11-06,NG,80,315.38860503143513,0.02,6,0
6542,2025-11-18,BR,131,445.4092522680748,0.04,5,0
6543,2025-11-11,IN,99,8.393811241469551,0.01,6,0
6544,2025-11-18,NG,97,136.41677216584753,0.14,2,0
6545,2025-11-30,UK,36,38.8981460478685,0.04,17,1
6546,2025-11-11,IN,16,35.62963287788679,0.01,4,0
6547,2025-10-30,DE,20,23.09042318838505,0.01,18,1
6548,2025-11-12,BR,2,42.73081431781117,0.12,23,1
6549,2025-11-16,UK,7,14.412688898203646,0.04,25,1
6550,2025-11-13,DE,84,135.18182735383093,0.03,5,0
6551,2025-11-14,UK,146,33.30377751300828,0.01,2,0
6552,2025-10-01,BR,43,31.29737929115832,0.0,4,0
6553,2025-10-03,UK,78,232.07023161358185,0.04,6,0
6554,2025-11-19,IN,130,256.4288893982488,0.01,5,0
6555,2025-11-05,BR,101,25.343268689149152,0.09,6,0
6556,2025-11-05,BR,90,31.349176739690733,0.01,6,0
6557,2025-11-02,IN,135,152.14708644171208,0.02,5,0
6558,2025-10-06,DE,91,219.6602166868669,0.03,1,0
6559,2025-11-26,BR,69,476.93593404863583,0.01,7,0
6560,2025-11-24,DE,30,42.63961586544861,0.28,26,1
6561,2025-10-27,DE,122,46.96336834849822,0.01,3,0
6562,2025-10-20,IN,91,41.8455644759449,0.04,2,0
6563,2025-10-25,NG,50,409.4210840247021,0.02,2,0
6564,2025-10-20,BR,45,37.78446374372459,0.01,24,1
6565,2025-11-12,UK,56,10.60679398447829,0.03,4,0
6566,2025-11-20,DE,106,384.53358467718976,0.03,4,0
6567,2025-11-18,DE,68,491.1169446470345,0.03,6,0
6568,2025-10-23,UK,116,30.833596055124566,0.09,6,0
6569,2025-11-03,DE,121,267.91750306738595,0.29,18,1
6570,2025-11-10,NG,91,457.0478711927133,0.04,0,0
6571,2025-10-13,NG,51,24.361654483991696,0.03,6,0
6572,2025-11-30,IN,62,330.98172133506813,0.03,1,0
6573,2025-10-18,IN,114,11.491726587770394,0.03,1,0
6574,2025-10-17,UK,91,397.8593838423829,0.05,0,0
6575,2025-10-31,BR,128,291.97122393771383,0.04,0,0
6576,2025-10-09,DE,122,254.33701128928985,0.03,5,0
6577,2025-10-01,DE,125,27.214190555264896,0.02,4,0
6578,2025-10-29,NG,6,11.355551800481628,0.01,9,1
6579,2025-11-01,DE,29,21.49293447083122,0.32,20,1
6580,2025-11-04,NG,88,266.29566745390173,0.0,2,0
6581,2025-11-15,NG,139,195.1319828378279,0.03,7,0
6582,2025-10-24,BR,3,34.55298008608543,0.03,0,0
6583,2025-10-13,UK,106,132.95079227185298,0.03,2,0
6584,2025-11-04,IN,112,44.68645698020161,0.02,2,0
6585,2025-10-31,UK,79,245.49566829770632,0.03,4,0
6586,2025-11-17,UK,125,97.69132784334666,0.05,3,0
6587,2025-10-26,NG,53,327.03258170217,0.2,15,1
6588,2025-10-08,IN,91,24.413495405783003,0.0,1,0
6589,2025-11-01,IN,39,42.87304659361944,0.04,10,1
6590,2025-10-31,IN,2,24.2367037254544,0.02,15,1
6591,2025-10-13,BR,6,39.342090302774906,0.04,2,0
6592,2025-10-21,BR,83,487.5115374036902,0.03,4,0
6593,2025-10-02,IN,18,6.269890463548258,0.0,19,1
6594,2025-11-17,NG,146,276.0650707711632,0.03,2,0
6595,2025-11-27,IN,65,188.7951937860317,0.01,1,0
6596,2025-11-22,DE,76,464.7228379564347,0.04,3,0
6597,2025-11-13,IN,42,47.80485176508361,0.04,2,0
6598,2025-11-22,DE,144,175.16677524809688,0.01,1,0
6599,2025-11-09,NG,130,280.1835481778005,0.04,7,0
6600,2025-10-03,BR,2,15.981766978941865,0.02,24,1
6601,2025-11-03,IN,30,17.59599986817826,0.01,17,1
6602,2025-11-01,BR,87,242.9839769782111,0.0,5,0
6603,2025-10-04,IN,37,22.231737964004203,0.04,17,1
6604,2025-10-01,UK,21,19.12989076582108,0.03,30,1
6605,2025-11-11,DE,132,320.4276381917558,0.04,7,0
6606,2025-11-01,DE,38,45.34986273807617,0.04,6,0
6607,2025-10-08,DE,60,373.68909420342027,0.03,3,0
6608,2025-11-08,UK,31,43.385602327322246,0.02,20,1
6609,2025-11-13,NG,111,330.01100361361307,0.37,16,1
6610,2025-10-29,UK,34,47.75628229749894,0.04,5,0
6611,2025-11-15,BR,106,287.58387388723395,0.04,7,0
6612,2025-10-28,BR,2,22.587689537391693,0.16,24,1
6613,2025-10-07,UK,62,457.9416560119085,0.01,3,0
6614,2025-10-28,IN,114,277.2369966107482,0.04,5,0
6615,2025-11-03,NG,71,48.56694854812722,0.05,6,0
6616,2025-10-29,NG,53,312.458986602453,0.01,7,0
6617,2025-10-27,NG,109,289.9313018072652,0.03,2,0
6618,2025-10-01,DE,100,156.18367103259766,0.22,8,1
6619,2025-10-19,UK,115,324.80855251974333,0.04,2,0
6620,2025-11-16,UK,42,5.405471313648085,0.16,3,0
6621,2025-10-08,BR,97,15.845311155580353,0.02,6,0
6622,2025-10-23,NG,42,28.81995074555949,0.03,19,1
6623,2025-10-23,UK,13,41.077466088721,0.02,6,0
6624,2025-10-10,UK,64,33.77543978363233,0.12,5,0
6625,2025-10-07,BR,88,178.68321722923216,0.03,2,0
6626,2025-11-15,IN,54,7.338265986468245,0.01,5,0
6627,2025-11-19,IN,49,145.5851978190264,0.11,6,0
6628,2025-10-13,DE,44,48.28657236501582,0.0,28,1
6629,2025-11-10,BR,27,42.22162694867395,0.0,7,0
6630,2025-10-11,NG,40,31.364375736164487,0.01,1,0
6631,2025-10-21,UK,41,46.86079999515716,0.03,18,1
6632,2025-10-03,IN,121,20.933740420226727,0.03,1,0
6633,2025-11-13,IN,25,5.289994510495696,0.0,26,1
6634,2025-11-10,UK,22,11.557010019283258,0.01,8,1
6635,2025-10-02,BR,37,27.59276898756254,0.12,3,0
6636,2025-11-22,NG,15,18.963454573038117,0.04,14,1
6637,2025-11-16,NG,44,34.72851491294999,0.08,10,1
6638,2025-11-10,UK,144,387.2747055193074,0.0,0,0
6639,2025-10-15,DE,134,199.74532444735777,0.11,6,0
6640,2025-10-11,NG,105,304.1866719647013,0.01,3,0
6641,2025-11-15,IN,22,6.468267059938009,0.02,2,0
6642,2025-10-24,DE,59,85.6719083501786,0.04,6,0
6643,2025-11-09,BR,91,120.85254987423494,0.05,7,0
6644,2025-11-06,BR,17,14.24249009231636,0.05,21,1
6645,2025-10-26,NG,53,14.054057276735332,0.05,3,0
6646,2025-11-21,DE,19,12.790005557597093,0.23,30,1
6647,2025-10-13,DE,137,106.6163649780975,0.02,1,0
6648,2025-11-20,DE,130,98.51196725692222,0.0,6,0
6649,2025-11-30,UK,70,128.73135390314548,0.23,27,1
6650,2025-11-10,IN,46,22.35732699955332,0.02,24,1
6651,2025-10-02,UK,98,70.40509588114665,0.02,3,0
6652,2025-10-29,IN,8,25.20705360022228,0.03,6,0
6653,2025-11-24,NG,54,158.37772121268762,0.01,5,0
6654,2025-10-06,NG,42,422.4341489665651,0.04,6,0
6655,2025-11-24,IN,135,229.5012868661808,0.26,23,1
6656,2025-10-16,UK,33,21.0372573030766,0.03,8,1
6657,2025-10-29,NG,57,284.47935159594795,0.05,4,0
6658,2025-10-12,DE,17,22.500098431112068,0.03,13,1
6659,2025-10-10,DE,11,24.58053748555137,0.01,6,0
6660,2025-10-26,BR,28,15.322512700451387,0.03,24,1
6661,2025-11-27,BR,97,137.16308903025325,0.03,3,0
6662,2025-10-12,UK,49,247.39482991895773,0.3,23,1
6663,2025-10-26,DE,120,29.923158778811224,0.11,5,0
6664,2025-10-16,DE,125,170.75840825059467,0.01,0,0
6665,2025-10-13,DE,107,188.31041500770283,0.01,7,0
6666,2025-10-12,BR,33,42.501578667796046,0.02,29,1
6667,2025-10-05,UK,119,464.5001652193464,0.2,23,1
6668,2025-11-12,BR,89,140.40834115086858,0.01,7,0
6669,2025-10-21,BR,57,350.2579379232751,0.05,7,0
6670,2025-11-09,IN,69,166.22671922365816,0.01,5,0
6671,2025-10-24,BR,62,6.509562192286943,0.02,0,0
6672,2025-10-11,NG,75,215.98768019190103,0.01,6,0
6673,2025-11-08,DE,67,30.079075235230736,0.01,5,0
6674,2025-10-29,NG,29,17.997337241148816,0.05,23,1
6675,2025-11-30,BR,11,32.69939172337193,0.02,2,0
6676,2025-10-04,BR,128,264.04043048236906,0.03,1,0
6677,2025-11-24,IN,42,305.9679254449115,0.02,0,0
6678,2025-11-07,NG,110,39.31482158726956,0.03,0,0
6679,2025-11-26,BR,117,7.146444241785632,0.0,0,0
6680,2025-11-30,BR,3,34.857023070671374,0.02,28,1
6681,2025-11-14,NG,57,320.8766915424229,0.03,0,0
6682,2025-10-20,NG,12,28.533478221793636,0.36,28,1
6683,2025-10-03,UK,130,389.0852963502516,0.02,2,0
6684,2025-10-28,NG,25,6.859652294017444,0.26,22,1
6685,2025-11-18,UK,85,113.01443549960167,0.04,0,0
6686,2025-10-27,IN,65,207.30390110937148,0.03,6,0
6687,2025-11-21,UK,80,150.2352057122738,0.03,1,0
6688,2025-11-28,BR,98,32.725424562935245,0.05,5,0
6689,2025-10-19,DE,112,256.278801773837,0.4,22,1
6690,2025-10-21,DE,66,178.06534690539465,0.01,2,0
6691,2025-11-24,NG,51,204.37144996248423,0.02,0,0
6692,2025-10-31,UK,146,71.83068016176924,0.04,2,0
6693,2025-11-06,NG,34,14.537810284077718,0.01,22,1
6694,2025-11-01,BR,33,6.863583940081094,0.04,14,1
6695,2025-11-04,IN,125,319.8802999438153,0.01,1,0
6696,2025-11-01,BR,34,17.271046345231255,0.01,22,1
6697,2025-10-03,UK,60,33.37402397560258,0.02,0,0
6698,2025-11-17,BR,92,114.09272857668816,0.24,27,1
6699,2025-10-31,IN,83,80.35613225649612,0.02,2,0
6700,2025-11-15,UK,41,28.38037672892036,0.02,11,1
6701,2025-10-17,NG,124,242.25136861559403,0.0,7,0
6702,2025-11-01,NG,81,360.3358345713637,0.05,6,0
6703,2025-11-07,IN,8,10.656176397847876,0.02,12,1
6704,2025-11-13,UK,63,208.26476825313256,0.02,2,0
6705,2025-10-07,DE,46,14.42210774506364,0.0,4,0
6706,2025-10-21,UK,14,15.629321052687114,0.03,15,1
6707,2025-11-03,NG,40,44.05093556557285,0.04,9,1
6708,2025-11-06,IN,49,122.73503821504002,0.02,4,0
6709,2025-10-21,DE,41,109.2258846107613,0.04,5,0
6710,2025-10-09,BR,124,6.039799765478855,0.0,1,0
6711,2025-11-22,UK,31,29.03102570689392,0.0,1,0
6712,2025-11-24,DE,107,15.490645382896602,0.05,4,0
6713,2025-11-01,UK,138,298.4488665829349,0.2,20,1
6714,2025-11-01,UK,150,49.549486996270616,0.02,3,0
6715,2025-11-24,NG,103,167.0573646203231,0.04,2,0
6716,2025-10-08,NG,123,64.42246921733245,0.02,3,0
6717,2025-11-10,UK,55,159.46955576637575,0.03,3,0
6718,2025-11-24,DE,90,55.06327941522071,0.02,1,0
6719,2025-10-16,IN,82,64.0155925089291,0.02,6,0
6720,2025-11-26,NG,80,23.7373543248088,0.02,3,0
6721,2025-11-04,DE,110,108.59227318902184,0.0,1,0
6722,2025-11-18,BR,40,49.28331821656453,0.0,15,1
6723,2025-10-08,UK,47,452.3708720771269,0.03,4,0
6724,2025-11-17,BR,45,16.43794726828473,0.03,24,1
6725,2025-11-28,DE,123,67.94378739070133,0.01,7,0
6726,2025-10-13,UK,17,22.80541436606209,0.02,19,1
6727,2025-11-02,NG,83,156.15987909497068,0.01,3,0
6728,2025-11-06,IN,139,153.07590936611786,0.11,2,0
6729,2025-11-25,IN,8,38.97331201947351,0.01,22,1
6730,2025-10-21,UK,37,19.53096011741224,0.02,23,1
6731,2025-11-05,IN,48,36.344905444363405,0.04,18,1
6732,2025-11-22,BR,73,137.06167474694203,0.02,4,0
6733,2025-11-27,NG,3,48.316601989016384,0.14,24,1
6734,2025-10-30,NG,79,364.8868352196228,0.24,8,1
6735,2025-11-28,IN,93,402.55463864686544,0.36,22,1
6736,2025-10-09,IN,122,13.512383116360176,0.02,0,0
6737,2025-11-03,IN,43,34.681232168158324,0.26,24,1
6738,2025-11-12,UK,96,442.5360174383496,0.07,7,0
6739,2025-11-20,UK,145,212.39925999657197,0.04,0,0
6740,2025-11-10,BR,29,49.530464909243264,0.0,18,1
6741,2025-11-23,NG,44,118.46351822340206,0.25,26,1
6742,2025-11-11,UK,98,23.41965323074717,0.02,5,0
6743,2025-11-20,IN,144,88.16649892299935,0.02,6,0
6744,2025-10-22,NG,113,239.94536077457545,0.02,1,0
6745,2025-11-30,BR,46,7.422822294054407,0.02,2,0
6746,2025-11-12,UK,49,10.298038058859245,0.02,10,1
6747,2025-10-07,UK,41,131.59330990632128,0.03,4,0
6748,2025-11-25,IN,42,10.452980966236716,0.0,30,1
6749,2025-10-08,IN,21,43.70265628522499,0.04,1,0
6750,2025-11-15,DE,78,27.241767857667607,0.04,6,0
6751,2025-10-04,BR,123,321.4142001378906,0.04,3,0
6752,2025-10-18,NG,96,12.630984275130023,0.03,6,0
6753,2025-11-24,IN,52,293.38202065809185,0.02,0,0
6754,2025-10-02,BR,3,17.618682628936437,0.02,13,1
6755,2025-10-19,BR,45,43.27454460253863,0.05,4,0
6756,2025-11-16,NG,112,491.63694237047633,0.02,6,0
6757,2025-11-25,IN,143,5.1134425030157855,0.01,7,0
6758,2025-10-08,BR,106,444.0752341126887,0.0,2,0
6759,2025-10-07,UK,47,36.394968921521,0.04,26,1
6760,2025-11-18,DE,100,17.44387717879645,0.01,0,0
6761,2025-11-20,DE,43,25.94108605368606,0.0,30,1
6762,2025-11-25,UK,44,168.37588279818922,0.03,0,0
6763,2025-10-10,NG,45,11.422652730649276,0.04,20,1
6764,2025-10-31,BR,105,12.824831544301803,0.01,2,0
6765,2025-10-24,UK,37,43.61833904833535,0.05,1,0
6766,2025-11-09,UK,42,38.19550486969874,0.05,15,1
6767,2025-10-22,DE,49,10.615453395419722,0.03,22,1
6768,2025-10-20,UK,61,438.9364848675578,0.01,1,0
6769,2025-10-28,DE,39,17.600224617136845,0.01,6,0
6770,2025-11-20,NG,124,25.75629782109685,0.0,1,0
6771,2025-10-03,IN,38,47.95521481045908,0.04,1,0
6772,2025-11-11,BR,117,122.1752934791419,0.01,6,0
6773,2025-10-17,UK,11,46.60942657120018,0.02,18,1
6774,2025-10-19,UK,126,175.72896973072724,0.02,2,0
6775,2025-10-16,UK,93,132.79772843397654,0.11,3,0
6776,2025-10-03,BR,83,321.2956673770021,0.02,6,0
6777,2025-10-25,NG,76,38.64524186979111,0.13,3,0
6778,2025-10-24,BR,88,397.6337305799286,0.04,7,0
6779,2025-11-24,BR,45,37.41756636381607,0.19,29,1
6780,2025-10-02,UK,12,46.73033140758488,0.01,11,1
6781,2025-10-03,BR,43,309.8455475457107,0.03,4,0
6782,2025-11-30,DE,88,137.40844818521677,0.01,0,0
6783,2025-11-20,DE,40,80.07318262426159,0.23,13,1
6784,2025-10-27,BR,98,435.738066062638,0.04,3,0
6785,2025-11-07,NG,34,47.568787538463205,0.05,0,0
6786,2025-11-24,UK,42,304.52865063154815,0.0,3,0
6787,2025-10-16,BR,4,36.45703601254248,0.03,3,0
6788,2025-11-20,NG,60,31.33276213305224,0.05,0,0
6789,2025-11-14,NG,45,16.259384843779245,0.04,0,0
6790,2025-10-15,IN,87,180.63479418686396,0.34,30,1
6791,2025-11-05,NG,145,84.92433047108833,0.04,6,0
6792,2025-10-17,DE,97,48.073485170217126,0.03,3,0
6793,2025-11-07,BR,124,490.9690141230428,0.03,3,0
6794,2025-10-06,IN,60,153.8668253929389,0.15,7,0
6795,2025-10-23,UK,105,473.722253708045,0.03,2,0
6796,2025-10-05,BR,126,67.25783057150636,0.01,5,0
6797,2025-10-10,BR,85,315.3492733285888,0.04,4,0
6798,2025-11-21,NG,89,251.84400713755556,0.02,7,0
6799,2025-11-02,UK,48,119.3854373894897,0.01,1,0
6800,2025-11-19,UK,51,312.5734776062606,0.01,2,0
6801,2025-10-01,DE,40,246.44597527417176,0.03,5,0
6802,2025-11-07,UK,103,149.07690343798515,0.17,4,0
6803,2025-10-21,IN,35,43.58272124896106,0.02,21,1
6804,2025-10-30,IN,7,32.27286642448465,0.02,7,0
6805,2025-10-28,NG,19,33.60183662315287,0.04,7,0
6806,2025-10-31,IN,121,432.75707327591454,0.02,3,0
6807,2025-11-07,UK,143,197.38534043597508,0.0,7,0
6808,2025-10-22,DE,61,14.376854176886216,0.02,5,0
6809,2025-10-15,NG,145,21.553816185973787,0.03,2,0
6810,2025-11-11,BR,45,157.13470502898116,0.04,4,0
6811,2025-11-03,IN,146,238.96536155615544,0.03,4,0
6812,2025-10-09,NG,131,384.27730605756966,0.03,3,0
6813,2025-11-03,IN,132,192.84372847942743,0.04,4,0
6814,2025-10-15,NG,2,47.85616018275584,0.04,29,1
6815,2025-10-30,DE,60,125.1331350292389,0.01,6,0
6816,2025-10-08,NG,83,32.793849990744114,0.04,3,0
6817,2025-10-22,DE,32,35.53599180983714,0.2,13,1
6818,2025-11-03,BR,148,47.82052711828142,0.0,7,0
6819,2025-10-08,BR,96,34.09654176988646,0.01,6,0
6820,2025-10-27,BR,67,286.23907713097424,0.39,8,1
6821,2025-11-21,IN,41,404.4011787600778,0.0,7,0
6822,2025-10-03,DE,42,442.0900810257084,0.02,0,0
6823,2025-10-31,BR,38,15.74491654551134,0.26,30,1
6824,2025-11-15,DE,103,86.70934449542835,0.03,2,0
6825,2025-10-06,DE,138,431.0932371427485,0.01,4,0
6826,2025-10-02,NG,143,136.52288331919675,0.01,2,0
6827,2025-11-01,NG,122,467.2663493441706,0.35,17,1
6828,2025-11-27,UK,40,34.72837117446232,0.03,22,1
6829,2025-11-14,IN,5,38.205689371978565,0.02,20,1
6830,2025-10-21,UK,148,180.48661414039665,0.03,2,0
6831,2025-10-05,NG,43,260.845309585735,0.05,6,0
6832,2025-11-04,IN,130,58.01451115978185,0.04,7,0
6833,2025-10-06,NG,8,43.578380491344696,0.38,10,1
6834,2025-11-15,DE,32,37.26530557578615,0.02,19,1
6835,2025-11-09,IN,126,264.9003393031949,0.03,5,0
6836,2025-11-15,NG,112,444.9600086159687,0.0,2,0
6837,2025-10-07,DE,55,24.363226873867823,0.05,5,0
6838,2025-10-20,IN,150,32.30630498657854,0.02,4,0
6839,2025-10-20,NG,37,8.113974282166518,0.1,10,1
6840,2025-10-25,IN,129,240.3038083303137,0.02,6,0
6841,2025-10-13,DE,11,6.3439103160656725,0.02,13,1
6842,2025-11-01,IN,146,43.74126522051832,0.05,1,0
6843,2025-11-24,IN,97,103.58619506921642,0.04,5,0
6844,2025-10-20,UK,7,11.612580121708453,0.04,5,0
6845,2025-10-18,UK,48,31.33618488544153,0.13,28,1
6846,2025-10-24,IN,86,8.17467229339521,0.03,4,0
6847,2025-11-24,BR,134,61.26535583992194,0.12,0,0
6848,2025-10-28,BR,112,9.454470100482787,0.01,2,0
6849,2025-10-11,IN,92,5.098359708214772,0.35,8,1
6850,2025-10-01,UK,14,24.96785976539639,0.04,29,1
6851,2025-10-14,IN,10,29.858799511619463,0.05,7,0
6852,2025-11-12,BR,123,325.28940341768094,0.05,2,0
6853,2025-10-08,DE,61,25.41216324835638,0.24,29,1
6854,2025-11-24,IN,53,177.6865093877583,0.04,4,0
6855,2025-10-28,NG,19,38.36829606893917,0.03,26,1
6856,2025-11-28,DE,124,448.4779088726336,0.04,0,0
6857,2025-11-18,DE,92,200.5875855937281,0.0,2,0
6858,2025-10-18,DE,19,39.0642521404674,0.02,15,1
6859,2025-10-21,NG,148,383.45286260071134,0.02,5,0
6860,2025-10-23,UK,57,334.8380916001313,0.02,5,0
6861,2025-10-26,BR,17,39.05290250999099,0.04,18,1
6862,2025-11-15,IN,110,405.0611260376477,0.03,0,0
6863,2025-11-09,IN,135,33.146058594868265,0.03,5,0
6864,2025-11-06,IN,96,377.20409689346405,0.04,0,0
6865,2025-11-17,DE,127,225.3564390705264,0.02,6,0
6866,2025-11-09,DE,98,49.13779309829423,0.02,1,0
6867,2025-11-10,IN,89,301.08202638226714,0.05,0,0
6868,2025-10-27,IN,33,38.30816504087716,0.01,3,0
6869,2025-10-21,UK,115,38.44996481598104,0.0,1,0
6870,2025-11-27,DE,27,5.503572212247858,0.05,30,1
6871,2025-10-01,UK,69,457.1268776520881,0.03,7,0
6872,2025-10-23,NG,55,6.440921834272742,0.05,0,0
6873,2025-10-17,DE,129,20.38019656395756,0.03,0,0
6874,2025-11-18,BR,111,43.30231846861196,0.0,6,0
6875,2025-10-08,NG,142,376.7513029116564,0.12,1,0
6876,2025-10-20,NG,98,45.18106682546208,0.03,5,0
6877,2025-11-05,UK,20,47.38279510818781,0.04,28,1
6878,2025-10-13,IN,50,49.35494557634644,0.04,7,0
6879,2025-11-25,BR,6,7.02044948886766,0.02,21,1
6880,2025-10-05,DE,97,15.611043098036983,0.21,19,1
6881,2025-10-28,BR,85,224.10728427529511,0.03,7,0
6882,2025-11-15,BR,108,11.002799396574671,0.02,3,0
6883,2025-10-26,IN,92,242.96742784626508,0.01,5,0
6884,2025-11-17,DE,122,7.2840504904655585,0.01,3,0
6885,2025-10-25,NG,64,5.489923380658846,0.01,6,0
6886,2025-11-24,UK,80,10.624574905738562,0.07,6,0
6887,2025-10-10,NG,16,45.99453290790265,0.04,10,1
6888,2025-11-27,NG,65,144.75790591865757,0.04,6,0
6889,2025-10-11,NG,101,12.584502674363568,0.02,3,0
6890,2025-11-10,BR,133,133.74618679975404,0.04,0,0
6891,2025-10-16,NG,48,42.98871289114447,0.01,19,1
6892,2025-11-14,DE,40,44.91239446872901,0.02,7,0
6893,2025-11-01,IN,2,5.691811890398402,0.02,14,1
6894,2025-11-19,IN,47,46.38519814424249,0.05,9,1
6895,2025-11-16,BR,4,45.17430277815967,0.33,13,1
6896,2025-10-11,DE,127,339.126581840565,0.04,5,0
6897,2025-10-19,DE,56,47.23326224948563,0.01,5,0
6898,2025-10-14,DE,88,25.363714366079613,0.24,15,1
6899,2025-11-13,DE,66,65.33172535603686,0.16,6,0
6900,2025-10-14,IN,82,32.91629620234515,0.05,6,0
6901,2025-11-22,BR,121,270.82860638510056,0.01,7,0
6902,2025-11-04,IN,83,41.2447418825409,0.05,7,0
6903,2025-10-27,UK,150,110.21778503498618,0.02,3,0
6904,2025-10-19,UK,41,27.131179434178375,0.01,0,0
6905,2025-11-16,IN,31,29.08426729001117,0.03,28,1
6906,2025-11-20,DE,78,395.5140840701639,0.02,7,0
6907,2025-11-05,BR,118,376.7736865652232,0.01,5,0
6908,2025-11-08,BR,49,316.25639174421946,0.02,5,0
6909,2025-10-04,NG,139,119.37635886946876,0.0,3,0
6910,2025-10-19,BR,105,46.29204780996557,0.03,3,0
6911,2025-11-08,NG,81,6.953954690162135,0.3,19,1
6912,2025-11-24,UK,3,21.95315580353048,0.02,28,1
6913,2025-11-10,DE,144,171.25710565250282,0.09,3,0
6914,2025-11-22,UK,106,125.41519022203263,0.1,0,0
6915,2025-11-02,DE,125,423.6065860409718,0.08,6,0
6916,2025-11-20,UK,139,49.70097605868352,0.01,4,0
6917,2025-10-30,IN,128,193.48969735232765,0.4,23,1
6918,2025-11-10,DE,21,14.754979171168191,0.04,12,1
6919,2025-11-18,DE,99,283.0766172818944,0.35,19,1
6920,2025-10-22,UK,19,8.054569240647313,0.01,26,1
6921,2025-11-23,DE,130,220.16751085180465,0.03,5,0
6922,2025-11-11,NG,51,458.977445637449,0.29,19,1
6923,2025-10-13,DE,27,28.64773655440763,0.34,24,1
6924,2025-10-27,IN,134,406.0678559314152,0.19,0,0
6925,2025-11-16,IN,147,50.19655733606688,0.02,4,0
6926,2025-11-09,NG,114,178.06720900199866,0.02,4,0
6927,2025-11-21,DE,21,15.93186237528555,0.01,30,1
6928,2025-11-24,UK,26,6.274356801051042,0.04,19,1
6929,2025-10-11,UK,61,286.31563784826915,0.01,2,0
6930,2025-11-11,BR,112,314.2125483981188,0.11,6,0
6931,2025-10-07,UK,99,303.83374251286614,0.01,2,0
6932,2025-11-07,BR,7,8.591107630702766,0.04,4,0
6933,2025-10-20,DE,135,45.54138143329892,0.04,1,0
6934,2025-10-05,IN,21,10.606862091262396,0.02,6,0
6935,2025-10-27,NG,21,7.236368625154916,0.05,6,0
6936,2025-11-27,NG,17,48.94218068381373,0.05,30,1
6937,2025-11-04,IN,135,20.74574139308796,0.05,5,0
6938,2025-11-10,BR,88,46.884058909361926,0.24,24,1
6939,2025-11-20,UK,140,107.94580331852656,0.02,0,0
6940,2025-11-20,NG,67,139.70383141106262,0.0,2,0
6941,2025-11-22,IN,101,43.10812144826143,0.22,26,1
6942,2025-11-12,BR,73,45.86270995026824,0.04,5,0
6943,2025-10-29,UK,70,420.2839514563558,0.0,3,0
6944,2025-10-14,DE,30,18.859975201031464,0.04,29,1
6945,2025-10-14,UK,87,252.9971372792724,0.02,3,0
6946,2025-11-05,DE,105,18.68638742985499,0.01,6,0
6947,2025-11-01,UK,55,246.30192291692435,0.0,1,0
6948,2025-10-02,NG,45,11.43730200927166,0.15,7,0
6949,2025-10-09,IN,57,127.92637970891997,0.02,7,0
6950,2025-11-02,IN,74,46.0874173526487,0.25,24,1
6951,2025-11-13,NG,150,37.53918907922583,0.18,4,0
6952,2025-11-03,NG,56,49.48489973532503,0.01,6,0
6953,2025-11-20,UK,13,40.27196290370883,0.04,28,1
6954,2025-11-13,UK,71,134.97234763704927,0.02,0,0
6955,2025-10-08,DE,48,49.41066501830322,0.02,9,1
6956,2025-11-08,UK,8,14.28649134025486,0.05,4,0
6957,2025-11-25,UK,144,76.97519091442308,0.22,17,1
6958,2025-11-28,UK,134,134.00205970495784,0.0,0,0
6959,2025-11-08,IN,65,265.2054194673194,0.0,2,0
6960,2025-11-06,NG,21,20.1400150254071,0.04,29,1
6961,2025-11-15,IN,131,114.9647440635704,0.0,0,0
6962,2025-11-15,BR,81,367.53549252664624,0.0,1,0
6963,2025-10-05,DE,20,20.88153065984728,0.02,22,1
6964,2025-11-30,DE,85,49.95640325199336,0.19,1,0
6965,2025-10-29,IN,146,32.19185333829838,0.03,6,0
6966,2025-10-03,IN,129,153.91108297667057,0.03,5,0
6967,2025-10-24,BR,88,57.37797549177707,0.03,4,0
6968,2025-11-13,DE,43,47.407204604438434,0.01,22,1
6969,2025-10-17,IN,74,264.607375859278,0.01,5,0
6970,2025-11-02,IN,145,94.32338363809464,0.01,3,0
6971,2025-10-25,NG,145,6.901569775550445,0.01,1,0
6972,2025-10-22,UK,145,70.50620733611098,0.01,2,0
6973,2025-10-12,UK,71,28.057825964894025,0.05,6,0
6974,2025-11-22,NG,89,19.13956094836292,0.0,5,0
6975,2025-10-10,NG,64,227.8732840740656,0.01,5,0
6976,2025-11-19,BR,13,35.976704927729386,0.0,7,0
6977,2025-10-24,IN,6,27.92756676015258,0.02,20,1
6978,2025-10-05,NG,103,23.61114294304048,0.04,4,0
6979,2025-11-14,IN,87,432.8828032074873,0.03,1,0
6980,2025-10-22,DE,52,37.30966978082496,0.0,4,0
6981,2025-11-20,BR,28,18.4267574194488,0.0,16,1
6982,2025-10-03,UK,59,53.16613922126693,0.02,2,0
6983,2025-10-15,BR,2,7.257824425887525,0.35,12,1
6984,2025-10-24,BR,4,10.138173171000057,0.04,20,1
6985,2025-11-23,UK,57,38.78746568496021,0.32,29,1
6986,2025-10-01,NG,119,473.875819303121,0.03,0,0
6987,2025-11-09,NG,137,195.36617446051463,0.22,10,1
6988,2025-11-23,NG,87,264.3479647783395,0.01,3,0
6989,2025-10-24,NG,37,39.77502956425873,0.03,12,1
6990,2025-10-20,IN,111,110.00264455347155,0.05,3,0
6991,2025-11-24,UK,45,476.5464739021329,0.01,2,0
6992,2025-10-13,UK,5,28.83610566367988,0.2,25,1
6993,2025-11-13,DE,44,12.815308036006805,0.0,21,1
6994,2025-10-25,BR,53,259.9759577745928,0.02,3,0
6995,2025-11-23,BR,26,19.067793948961757,0.03,14,1
6996,2025-10-11,UK,148,480.5799629701874,0.06,2,0
6997,2025-11-01,NG,15,24.620180369021824,0.01,4,0
6998,2025-11-09,DE,122,77.1791764025707,0.01,1,0
6999,2025-11-21,NG,86,305.6993947403056,0.04,6,0
